OTU1256	MH856985.1,KY712560.1,KY712559.1,KY712558.1,KY712557.1,KY712553.1,KY712541.1,KY712540.1,KY712537.1,KY712536.1,KY712535.1,KY712534.1,KY712532.1,KY712531.1,KY712530.1,KY712527.1,KY712526.1,KY712522.1,KY712521.1,KY712520.1,KY712519.1,KY712517.1,KY712516.1,KY712515.1,KY712513.1,KY712512.1,KY712511.1,KY712510.1,KY712509.1,KY712508.1,KY712506.1,KY712504.1,KY712503.1,KY712501.1,KY712500.1,KY712499.1,KY712498.1,KY712497.1,KU145615.1,KU145609.1,KU145603.1,KU145600.1,KU145599.1,KU145593.1,KU145590.1,KU145586.1,KM624504.1,KM624486.1,LN846844.1,JX083518.1,JX083517.1,JX083515.1,JX083514.1,EU559019.1,EU559002.1,EU559000.1,AY387490.1,AJ000069.2,KY712556.1,KY712555.1,NR_154782.1,KY712554.1,KY712552.1,KY712551.1,KY712550.1,KY712549.1,KY712548.1,KY712547.1,KY712546.1,KY712545.1,KY712544.1,KY712543.1,KY712542.1,KY712539.1,KY712538.1,KY712533.1,KY712529.1,KY712528.1,KY712525.1,KY712524.1,KY712523.1,KY712518.1,KY712514.1,KY712507.1,KX977396.1,LN846838.1,LN846856.1,LN846851.1,LN846850.1,LN846849.1,LN846848.1,LN846847.1,LN846846.1,LN846845.1,LN846843.1,LN846840.1,LN846839.1,LN846836.1,AJ000070.2,U57669.1
OTU1298	KM624498.1,KC436057.1,KM624496.1,LN846837.1,MH855861.1,NR_154782.1,MF663283.1,KY712554.1,KY712552.1,KY712551.1,KY712550.1,KY712549.1,KY712548.1,KY712547.1,KY712546.1,KY712545.1,KY712544.1,KY712543.1,KY712542.1,KY712539.1,KY712538.1,KY712533.1,KY712528.1,KY712525.1,KY712524.1,KY712523.1,KY712518.1,KY712514.1,KY712505.1,KY712502.1,KY712496.1,KX977396.1,KU145618.1,KU145617.1,KU145614.1,KU145607.1,KU145605.1,KU145604.1,KU145594.1,KU145585.1,KM624495.1,KR337258.1,LN880551.1,LN846838.1,LN846856.1,LN846851.1,LN846850.1,LN846849.1,LN846848.1,LN846847.1,LN846846.1,LN846845.1,LN846843.1,LN846840.1,LN846839.1,LN846836.1,JX083543.1,JX083533.1,JX083529.1,JX083528.1,JX083527.1,JX083525.1,JX083523.1,JX083522.1,JX083519.1,JX083513.1,JX083509.1,JX083501.1,JX083498.1,JX083482.1,FN687674.1,FN687669.1,GU138647.1,AJ311950.2,EU559012.1,EU559008.1,EU559003.1,EU558999.1,AB160993.1,AB160992.1,AB099508.1,AJ000070.2,U57669.1,KY712555.1,EU559010.1,FN687676.1,KY712560.1,KY712559.1,KY712558.1,KY712557.1,KY712553.1,KY712541.1,KY712540.1,KY712537.1,KY712536.1,KY712535.1,LN846844.1,DQ119114.1,AJ000069.2,KY712556.1
OTU1317	MH857143.1,MF954685.1,MF663282.1,KY712529.1,KY712507.1,KU145621.1,KU145620.1,KU145616.1,KU145613.1,KU145610.1,KU145606.1,KU145602.1,KU145597.1,KU145596.1,KU145595.1,KU145592.1,KU145591.1,KU145589.1,KM624501.1,KM624500.1,KM624484.1,JX083524.1,JX083520.1,EU344982.1,AJ133398.2,EU559006.1,AB162147.1,AB160991.1,KY712560.1,KY712559.1,KY712558.1,KY712557.1,KY712553.1,KY712541.1,KY712540.1,KY712537.1,KY712536.1,KY712535.1,KY712534.1,KY712532.1,KY712531.1,KY712530.1,KY712527.1,KY712526.1,KY712522.1,KY712521.1,KY712520.1,KY712519.1,KY712517.1,KY712516.1,KY712515.1,KY712513.1,KY712512.1,KY712511.1,KY712510.1,KY712509.1,KY712508.1,KY712506.1,KY712504.1,KY712503.1,KY712501.1,KY712500.1,KY712499.1,KY712498.1,KY712497.1,KU145622.1,KU145619.1,KU145615.1,KU145612.1,KU145609.1,KU145608.1,KU145603.1,KU145600.1,KU145599.1,KU145593.1,KU145590.1,KU145586.1,KM624504.1,KM624486.1,LN846844.1,JX083518.1,JX083517.1,JX083515.1,JX083514.1,EU559019.1,EU559002.1,EU559000.1,AY387490.1,AJ000069.2,KY712556.1,KY712555.1,NR_154782.1,KX977396.1,LN846838.1,LN846856.1,LN846851.1,LN846850.1,LN846849.1,LN846848.1,LN846847.1
OTU1335	KY712560.1,KY712559.1,KY712558.1,KY712557.1,KY712553.1,KY712541.1,KY712540.1,KY712537.1,KY712536.1,KY712535.1,KY712534.1,KY712532.1,KY712531.1,KY712530.1,KY712527.1,KY712526.1,KY712522.1,KY712521.1,KY712520.1,KY712519.1,KY712517.1,KY712516.1,KY712515.1,KY712513.1,KY712512.1,KY712511.1,KY712510.1,KY712509.1,KY712508.1,KY712506.1,KY712504.1,KY712503.1,KY712501.1,KY712500.1,KY712499.1,KY712498.1,KY712497.1,KU145615.1,KU145609.1,KU145603.1,KU145600.1,KU145599.1,KU145593.1,KU145590.1,KU145586.1,KM624504.1,KM624486.1,LN846844.1,JX083518.1,JX083517.1,JX083515.1,JX083514.1,EU559019.1,EU559002.1,EU559000.1,AY387490.1,AJ000069.2,KY712556.1,KY712555.1,NR_154782.1,KY712554.1,KY712552.1,KY712551.1,KY712550.1,KY712549.1,KY712548.1,KY712547.1,KY712546.1,KY712545.1,KY712544.1,KY712543.1,KY712542.1,KY712539.1,KY712538.1,KY712533.1,KY712529.1,KY712528.1,KY712525.1,KY712524.1,KY712523.1,KY712518.1,KY712514.1,KY712507.1,KY712505.1,KX977396.1,LN846838.1,LN846856.1,LN846851.1,LN846850.1,LN846849.1,LN846848.1,LN846847.1,LN846846.1,LN846845.1,LN846843.1,LN846840.1,LN846839.1,LN846836.1,AJ000070.2,U57669.1
OTU1470	MK367420.1,MH424909.1,KY087744.1,KY087742.1,KY087741.1,KY087740.1,KY087693.1,KY087666.1,KY087695.1,KY087694.1,KY087670.1,KY087665.1,KY087654.1,NR_135335.1,JX156358.1,JX156357.1,EF652046.1,MK267410.1,MK267405.1,MK267404.1,MH244371.1,MK211244.1,MH644013.1,MH644010.1,MH644009.1,MH644008.1,LT627268.1,MF380824.1,MH630012.1,MH605071.1,MH605072.1,MH605073.1,MK499450.1,MK367541.1,MK367506.1,KU712229.1,LC317578.1,LC317577.1,KX463362.1,KX463361.1,KX463360.1,KX463359.1,KX067875.1,KX450911.1,KX450910.1,KX450909.1,KX450908.1,KX450907.1,KY439031.1,KX855679.1,KX696377.1,KX696376.1,KX696375.1,KX696374.1,KX696373.1,KX696372.1,KX696371.1,KX696370.1,KX696369.1,KX696368.1,KX696367.1,KX696366.1,KX696365.1,KX696364.1,KX696362.1,KX696361.1,KX696360.1,KX953408.1,KX958045.1,KX858812.1,KX258805.1,KX219609.1,KU325131.1,KX022492.1,KU132398.1,KU060773.1,KU060771.1,NR_135433.1,NR_135336.1,KT832076.1,KT832076.1,KJ857268.1,KP398868.1,KP670428.1,LN835259.1,NR_131286.1,KP281456.1,KP144290.1,KM115146.1,HG964348.1,AB828584.1,KC692212.1,KC461537.1,KC354541.1,HQ829092.1,HE578069.1,HE578065.1,FR851850.1,HM104686.1,AB006425.1,U18357.1
OTU1636	AF444332.1,NR_155907.1,FN298667.1,MH697746.1,KY101798.1,KY101798.1,KY101797.1,KY101795.1,KY101795.1,KU702585.1,FN428913.1,NR_073231.1,KY102795.1,LC191394.1,LC191351.1,KM246223.1,AB998476.1,HQ670761.2,FN424112.1,FN424109.1,FN424106.1,NR_144816.1,MK268144.1,LC272866.1,KY944989.1,KU504589.1,KU504588.1,LK023835.1,JQ247577.1,JQ247575.1,JQ247574.1,JN622210.1,DQ679511.1,KY101796.1,KY101794.1,AF444442.1,NR_155908.1,KP068781.1,KX067800.1,HG421436.1,JQ247578.1,AB110695.1,LC191366.1,LC191352.1,LK023834.1,JN622205.1,JN622203.1,JN622199.1,JN622198.1,FN428904.1,HQ623587.1,FJ613122.1,FJ153173.1,FJ153169.1,LT854693.1,KY104455.1,KP860055.1,JN622204.1,NR_130674.1,MG774390.1,MG774389.1,KR857033.1,KR857023.1,KR857022.1,KR857020.1,KR857018.1,KR857017.1,KR857016.1,LC272854.1,JN622211.1,JN084059.1,LC272855.1,LC272862.1,JX394017.1,MH718306.1,KM507564.1,AY188364.1,AY188360.1,AF444330.1,NR_155678.1,KY495763.1,KY104474.1,HM459601.1,AM262325.1,GU570426.1,GU570425.1,GU570424.1,GU570423.1,GU570420.1,GU570415.1,GU570414.1,AJ608661.1,AJ608660.1,EF060541.1,KX781277.1,JQ754007.1,KY627764.1,KY260680.1,KY065368.1,HQ832836.1,FR870473.1,AF042430.1
OTU1650	MK367420.1,MH424909.1,KY087744.1,KY087742.1,KY087741.1,KY087740.1,KY087695.1,KY087694.1,KY087693.1,KY087670.1,KY087666.1,KY087665.1,KY087654.1,NR_135335.1,JX156358.1,JX156357.1,EF652046.1,MK267410.1,MK267405.1,MK267404.1,MH244371.1,MK211244.1,MH644013.1,MH644010.1,MH644009.1,MH644008.1,LT627268.1,MF380824.1,MH630012.1,MH605071.1,MH605072.1,MH605073.1,MK499450.1,MK367541.1,MK367506.1,KU712229.1,LC317578.1,LC317577.1,KX463362.1,KX463361.1,KX463360.1,KX463359.1,KX067875.1,KX450911.1,KX450910.1,KX450909.1,KX450908.1,KX450907.1,KY439031.1,KX855679.1,KX696377.1,KX696376.1,KX696375.1,KX696374.1,KX696373.1,KX696372.1,KX696371.1,KX696370.1,KX696369.1,KX696368.1,KX696367.1,KX696366.1,KX696365.1,KX696364.1,KX696362.1,KX696361.1,KX696360.1,KX953408.1,KX958045.1,KX858812.1,KX258805.1,KX219609.1,KU325131.1,KX022492.1,KU132398.1,KU060773.1,KU060771.1,NR_135433.1,NR_135336.1,KT832076.1,KT832076.1,KJ857268.1,KP398868.1,KP670428.1,LN835259.1,NR_131286.1,KP281456.1,KP144290.1,KM115146.1,HG964348.1,AB828584.1,KC692212.1,KC461537.1,KC354541.1,HQ829092.1,HE578069.1,HE578065.1,FR851850.1,HM104686.1,AB006425.1,U18357.1
OTU1863	NR_160219.1,MH862986.1,MH856385.1,MH429894.1,MH429891.1,MH429882.1,MH429876.1,KY458471.1,KY439024.1,KJ775644.1,NR_103694.1,KC009797.1,KC009790.1,KC009783.1,KC009780.1,JN942695.1,JN097810.1,GU319999.1,DQ681336.1,AF033477.1,AJ005483.1,AJ004895.1,MK530709.1,MK267452.1,MK267451.1,MK267416.1,MK267401.1,MK267400.1,MK226540.1,KY069889.1,MK051128.1,MG975634.1,MG975631.1,MG975627.1,MG775227.1,MH630034.1,MF564104.1,MF564089.1,MF564080.1,MF564078.1,MK460792.1,MK418550.1,MK397048.1,MK359015.1,MK351225.1,MH562048.1,KY828864.1,KU837789.1,KY465908.1,MG009431.1,KY022755.1,MF188258.1,KY438236.1,MF034654.1,MF034654.1,KU527787.2,KY945041.1,KY906188.1,KY906187.1,KY906186.1,KX243331.1,KX243326.1,KX243323.1,KX664385.1,KX664375.1,KU363735.1,KU363734.1,LT558923.1,LT558920.1,KX056229.1,KX056228.1,KP411588.1,KP411582.1,KP411575.1,KP411569.1,KP347435.1,KP405228.1,KP670439.1,KP216968.1,KP216965.1,KP216957.1,KP216956.1,KP216950.1,KP216948.1,KP216933.1,KP216913.1,KP216901.1,KP216880.1,KP216868.1,KP216866.1,KM115166.1,KM115163.1,KM115161.1,KM115155.1,KM115154.1,KM115129.1,LN827676.1,KC692224.1,JF311967.1,JF311949.1,JN226993.1
OTU1873	NR_137849.1,KF932969.1,KF932960.1,NR_137612.1,KF932961.1,FJ911874.1,NR_137848.1,NR_121344.1,KF932959.1,EU427300.1,MH857881.1,LC317726.1,MG385095.1,LT558919.1,KF932965.1,KF939053.1,KC545799.1,KC545798.1,KC009782.1,AB479316.1,FJ434205.1,FJ434204.1,MG813429.1,KT264334.1,KT264323.1,KU847866.1,KF986413.1,KF366490.1,EF626955.1,MK226540.1,MH862709.1,MH860945.1,MH859955.1,MH859943.1,MH855065.1,MH630034.1,MH429885.1,MH429883.1,MH429880.1,MG490880.1,MG490877.1,MG490869.1,MG490868.1,MG490867.1,KY092664.1,KX879550.1,KY438236.1,LT623966.1,KT264339.1,KT264319.1,KT876710.1,KT316744.1,KT316713.1,KP411588.1,KP670439.1,KP216956.1,KM115166.1,KM115163.1,KM115161.1,KM115155.1,KM115154.1,KM115129.1,KM232463.1,KM196534.1,KM265455.1,NR_119494.1,KJ775670.1,KJ834505.1,KJ577599.1,AB916514.1,KF876835.1,KF725718.1,KC009344.1,KF212277.1,KC692224.1,KC009831.1,KC009819.1,KC009809.1,KC009787.1,KC009786.1,JX139701.1,JF311967.1,JF311949.1,HQ225713.1,HQ166520.1,HQ213934.1,FJ471610.1,EU833216.1,DQ317344.1,AF527055.1,AF455467.1,AF348419.1,AF033473.1,AM158220.1,AJ004817.1,AJ004816.1,AJ004815.1,NR_137850.1,KF932964.1,MH857472.1
OTU1897	MK267410.1,MK267405.1,MK267404.1,MH244371.1,MK211244.1,MH644013.1,MH644010.1,MH644009.1,MH644008.1,LT627268.1,MF380824.1,MH630012.1,MH605071.1,MH605072.1,MH605073.1,MK499450.1,KU712229.1,KX067875.1,KX450911.1,KX450910.1,KX450909.1,KX450908.1,KX450907.1,KX958045.1,KX858812.1,KX258805.1,KX219609.1,KU325131.1,KX022492.1,KU132398.1,KU060773.1,KU060771.1,KP144290.1,KM115146.1,AB828584.1,KC692212.1,MK267406.1,LT627267.1,LT627266.1,LT627265.1,LT627264.1,LT627263.1,LT627262.1,LT627261.1,LT627260.1,LT627259.1,LT627256.1,LT627255.1,LT627254.1,LT627253.1,LT627252.1,LT627251.1,LT627250.1,LT627249.1,LT627247.1,MG199954.1,MG199953.1,MG199952.1,MH329790.1,MK461079.1,MK461071.1,MK461044.1,MK461039.1,MK461028.1,MK461025.1,MK461022.1,MK461005.1,MH242585.1,MH037546.1,KY828916.1,KY828915.1,KY828904.1,KY828887.1,KY828885.1,KY828860.1,MG780391.1,KY629639.1,KY249382.1,KX067881.1,KX858814.1,KX858813.1,KX858811.1,KU569233.1,KU569231.1,KU569228.1,KU872189.1,KU872188.1,KU872186.1,KU872181.1,KU872180.1,KU872179.1,KU872161.1,KU872160.1,KU872159.1,KU872153.1,KX022491.1,KU060775.1,KC869675.1,LN482446.1,KU886528.1
OTU235	XM_003169837.1,XM_013485786.1,XM_013485633.1,XM_022541488.1,XM_020203573.1,XM_016770817.1,XM_014228189.1,XM_008032081.1,XM_003658473.1,CP003002.1,CP003002.1,CP003002.1,CP003002.1,CP003002.1,CP003002.1,CP003002.1,CP003002.1,CP003002.1,CP003002.1,CP003002.1,CP003002.1,CP003002.1,CP003002.1,CP003002.1,CP003002.1,CP003002.1,CP003002.1,CP003002.1,XM_003016864.1,CP010981.1,CP010981.1,XM_009651688.1,CP009075.1,CP009075.1,CP009075.1,XM_002551939.1,CU928166.1,CU928166.1,CP031390.1,CP031390.1,XM_025649812.1,XM_025584606.1,XM_025520734.1,XM_016355922.1,LK056686.1,CP010928.1,CP010983.1,CP010983.1,CP010983.1,CP009078.1,CP009078.1,CP009078.1,FQ311441.1,FQ311441.1,FQ311441.1,FQ311441.1,FQ311441.1,CP025325.1,CP025325.1,XM_025627942.1,XM_025627942.1,XM_025578588.1,LT795054.1,LT795054.1,LT795054.1,LT795054.1,LT795054.1,LT795054.1,XM_022821461.1,XM_022015229.1,CP012819.1,CP012819.1,CP012819.1,CP012819.1,CP012812.1,CP012812.1,CP012812.1,CP012812.1,CP012812.1,CP012812.1,CP012812.1,CP012812.1,CP012812.1,CP012812.1,CP012812.1,CP012812.1,CP012812.1,CP012809.1,CP012809.1,CP012809.1,CP012809.1,CP012809.1,CP012809.1,CP012809.1,CP012809.1,CP012809.1,CP012809.1,CP015982.1,CP015982.1,CP015982.1,CP015982.1,CP015982.1,CP015982.1,CP015978.1,CP015978.1,CP015978.1,CP015978.1,CP015978.1,CP015978.1,CP015978.1,CP015978.1,CP015978.1,CP015978.1,CP012826.1,CP012826.1,CP012826.1,CP012826.1,CP012826.1,CP012826.1,CP012826.1,CP012826.1,CP012826.1,CP012823.1,CP012823.1,CP012823.1,CP012823.1,CP012823.1,CP012823.1,CP012823.1,CP012823.1,CP012823.1,CP012823.1,LT558134.1,LT558134.1,LT558131.1,CP015061.1,CP015061.1,XM_018436576.1,XM_018312351.1,XM_018312351.1,LK056665.1,LK056665.1,CP010915.1,CP010915.1,CP010915.1,CP009309.1,HG529563.1,LK023322.1,XM_008600068.1,XM_008600068.1,XM_007829440.1,XM_007829440.1,AP012219.1,XM_003654770.1,XM_003659187.1,XM_003659187.1,CP003011.1,CP003011.1,CP003011.1,JN204424.1,JN204424.1,JN204424.1,XM_003351290.1,FQ311430.1,FQ311430.1,FQ311430.1,FQ311430.1,FQ311430.1,FQ311430.1,XM_003021715.1,XM_003013987.1,XM_002623218.1,XM_025647189.1,XM_025593015.1,XM_025507143.1,XM_025509509.1,LT795055.1,LT795055.1,LT795055.1,LT795055.1,LT795055.1,LT795055.1,LT795055.1,LT795055.1,XM_022609727.1,CP019496.1,CP012814.1,CP015983.1,CP015983.1,CP012828.1,XM_016784768.1,CP014500.1,CP014500.1,CP014500.1,CP014500.1,XM_016408224.1,CP003005.1,CP003005.1,CP003005.1,CP003010.1,CP003010.1,CP003010.1,CP003010.1,CP003010.1,CP003010.1,CP003010.1,CP032019.1,XM_025648280.1,XM_025570698.1,XM_025520158.1,XM_025525637.1,XM_025500624.1,AC277199.1,LT795070.1,LT795070.1,LT795065.1,LT854286.1,LT854266.1,XM_022728477.1,LT882689.1,CP019370.1,CP012816.1,CP012816.1,CP012816.1,CP012816.1,CP015981.1,CP015981.1,CP015981.1,CP015981.1,CP015981.1,XM_016735163.1,XM_016733616.1,XM_016439336.1,XM_016435197.1,XM_016421561.1,XM_016356654.1,XM_008100681.1,CP003009.1,CP003009.1,CP003009.1,CP003009.1,CP003009.1
OTU2374	MG976291.1,MH084276.1,MH084264.1,MG744358.1,MH862803.1,MH844771.1,MK371740.1,MH237634.1,MF848993.1,MF848992.1,MF782732.1,MH532479.1,MH377080.1,MF356589.1,MF077222.1,KU837648.1,MG041372.1,MG779589.1,MG779564.1,KY014448.1,MF687716.1,KX721556.1,KX721551.1,KY026591.1,MF405157.1,MF322522.1,KY114876.1,KY114869.1,KR709011.1,KX064978.1,KX064968.1,KX115415.1,KX908518.1,KX110399.1,KX179486.1,KX179479.1,KU933985.1,KU525533.1,KX346890.1,KU324793.1,KX074005.1,KX073999.1,KU254607.1,KU258796.1,KU258792.1,KU258687.1,LC131449.1,LC131448.1,LC131447.1,KT757358.1,KT264732.1,KT238884.1,AB975286.1,KP186129.1,KP689210.1,KM513592.1,KM274131.1,KM052598.1,KJ935016.1,LN482533.1,LN482465.1,KJ527010.1,KJ527009.1,KJ569443.1,KF951007.1,KF881761.1,KF802439.1,KF699530.1,KF542557.1,JQ306333.1,JN867466.1,JX648305.1,JX648304.1,JX648303.1,JX418353.1,JX406546.1,JQ885954.1,JQ409151.1,JQ409149.1,JF835831.1,JF835821.1,JF817299.1,HQ443242.1,JF710518.1,HQ914890.1,HQ914850.1,HQ914846.1,GU584948.1,HQ651157.1,HQ317498.1,EU326181.1,EF589852.1,EF432299.1,EF432288.1,EF432283.1,EF432254.1,EF432253.1,AY561211.1,AJ276059.1,AJ276055.1
OTU2445	KJ775679.1,KF932970.1,KF932963.1,JN863100.1,HM439552.1,FJ491802.1,AF033413.1,NR_137612.1,KF932961.1,KF932965.1,NR_137848.1,KF932959.1,NR_137850.1,KF932964.1,KF298090.1,NR_137849.1,KF932969.1,KF932960.1,MH859796.1,NR_137611.1,KF932958.1,MH861316.1,NR_103657.2,KF367527.1,JN617690.1,EU427299.1,EF634448.1,KY469059.1,MF135513.1,NR_137129.1,KF932973.1,KF932962.1,JX012224.1,MH865736.1,MH865657.1,MH865541.1,MH860892.1,MH860600.1,MH859339.1,MK358981.1,KY412172.1,KY404938.1,NR_144845.1,KU720404.1,KU702381.1,NR_138278.1,KU556061.1,KU556059.1,KU555985.1,KU555980.1,KU555976.1,KU365879.1,KX009494.1,KU945885.1,KT264445.1,KT264414.1,KT264398.1,KT699141.1,KR905621.1,KP016819.1,KP016811.1,KM458828.1,AY373928.1,KJ775656.1,KF367545.1,JX140926.1,JX140928.1,JX140925.1,KJ028785.1,KF367458.1,KF313086.1,JQ965023.1,JN585938.1,HE577960.1,JF311915.1,HQ730127.1,GU565105.1,HQ637350.1,HQ637349.1,HM573336.1,FJ379811.1,FJ914702.1,FJ752623.1,EF422849.1,MK551157.1,MF039213.1,MF590170.1,KU986777.1,NR_144843.1,KJ626307.1,KJ626305.1,KF667369.1,NR_111869.1,MH861324.1,NR_153309.1,LT559091.1,KU702299.1,NR_121311.1,AY742699.1,KX815496.1
OTU2517	MH859796.1,MH042778.1,KX011018.1,KT269293.1,KM023349.1,MH857876.1,MH630047.1,LR026995.1,LR026995.1,LR026995.1,LR026995.1,LR026995.1,LR026995.1,LR026995.1,LR026995.1,LR026995.1,LR026995.1,LR026995.1,LR026995.1,LR026995.1,LR026995.1,LR026995.1,LR026995.1,LR026995.1,LR026995.1,LR026995.1,LR026995.1,LR026995.1,LR026995.1,LR026995.1,LR026995.1,LR026995.1,LR026995.1,LR026995.1,MK307852.1,MH553304.1,MG920354.1,NR_153309.1,KY558604.1,LT559091.1,KX961208.1,KX961207.1,KX589205.1,NR_138264.1,LT558909.1,LT558908.1,KT887853.1,KP245759.1,KT266862.1,KT316706.1,KT316695.1,KM519374.1,KP794065.1,KP016812.1,KP329595.1,KM042212.1,KP050694.1,AY373908.1,KJ775617.1,KJ780798.1,FR822834.1,HQ738282.1,JN689966.1,FJ904848.1,FJ571466.1,EU142904.1,EU142890.1,EU142859.1,EU729705.1,EU069420.1,EF198645.1,EU128641.1,EU128639.1,DQ355925.1,AF033456.1,AF125942.1,NR_121271.1,AF081804.1,MH045589.1,MH045584.1,MH231760.1,MH474123.1,MH474120.1,MH029828.1,MF039209.1,MG865853.1,KY611810.1,KX009143.1,KT968538.1,KJ626304.1,NR_121258.1,NR_121243.1,KC344974.1,KC344973.1,KC344972.1,KC506230.1,KC506217.1,HQ608058.1,HQ607875.1,AF033462.1,AF037431.1,MH861331.1,MH630044.1,MK460933.1,KY469073.1,KY469071.1,KY469070.1,KY469069.1,KY215968.1,KX988300.1,KP132491.1,AY373909.1,KF811428.1,KF572138.1,KC692216.1,AF033452.1,AM176726.1,AF034458.1,MH865303.1,MH881525.1,KY404945.1,NR_144843.1,KU556055.1,KT268984.1,KT268944.1,KF667369.1
OTU259	EU617241.1,MG891795.1,MG891795.1,LN864523.1,MG572361.1,KP418788.1,MH001946.1,GQ121300.1,MK049963.1,MK049963.1,MF035961.1,KJ512160.1,KJ512159.1,KJ512146.1,KJ512146.1,KT067745.1,KJ670286.1,KJ670288.1,KF741596.1,MH873506.1,MH873503.1,MH862035.1,MH861811.1,KC589017.1,AB470241.1,MK503439.1,MH873502.1,MH862030.1,MH861394.1,MH861393.1,MH500245.1,KP814402.1,KC514822.1,MK532847.1,MH979286.1,MH910543.1,MH873741.1,MH873717.1,MH873504.1,MH873180.1,MH873178.1,MH864083.1,MH862053.1,MH862044.1,MH862043.1,MH862042.1,MH862041.1,MH862036.1,MH862034.1,MH862029.1,MH862015.1,MH862014.1,MH861812.1,MH861803.1,MH861802.1,MH861464.1,MH861451.1,MK163781.1,MK404672.1,MH020191.1,MG722733.1,KX196783.1,KU559361.1,KU559360.1,KU559341.1,KU559340.1,LC014888.1,KJ668434.1,KM411465.1,JX434676.1,KM373240.1,KC572033.1,KC572019.1,KJ855942.1,JN225961.1,HQ604799.1,AF454430.1,AF454429.1,AF454427.1,AF506450.1,AF506429.1,AF506428.1,AF506423.1,AF506419.1,AF506417.1,AF506416.1,AF506415.1,AF506414.1,AF506403.1,AF506402.1,AF506389.1,AF511444.1,AF511442.1,AF511440.1,AF511439.1,AF511438.1,AF511437.1,AF261281.1,AF516569.1,AF516568.1,AF516559.1,AF516558.1,KJ855957.1
OTU2601	MG664757.1,MG664756.1,MG664755.1,NR_158278.1,LT592928.1,LT592924.1,MF326604.1,KY587324.1,KT989561.1,KX219607.1,KP686152.1,KP714384.1,KP276621.1,KM979861.1,KM246273.1,JQ936163.1,KX216732.1,KU898067.1,EU002914.1,KM246276.1,KM246275.1,KT239669.1,MH861377.1,KP401867.1,KC248542.1,FJ032642.1,KR873093.1,JN207319.1,JN207285.1,JN207277.1,JN207261.1,MK182436.1,MG664754.1,MH863293.1,MH861235.1,MG840666.1,MG569490.1,MG569489.1,MK495982.1,MK495981.1,MH305512.1,MH305469.1,MK412085.1,MK398292.1,MK370634.1,MG956800.1,MG659647.1,KY099740.1,KY099739.1,KY790596.1,MF663690.1,KX611657.1,KX953439.1,KY070283.1,KY070282.1,KY070281.1,KY070280.1,KY070279.1,KY070278.1,LC163534.1,KU554585.1,KU554584.1,KU293589.1,KT224854.1,KR093891.1,KP230837.1,LC040891.1,KM246288.1,KF525831.1,KM030324.1,KM030323.1,KM030322.1,KF494157.1,KF494156.1,KJ728841.1,KJ713971.1,KF128802.1,KF128801.1,KF562067.1,KF411573.1,KC203049.1,KC662225.1,KC005686.1,KC005682.1,JX501751.1,JX406580.1,JX406552.1,JX406530.1,JX406528.1,JF710584.1,GU045305.1,HQ130720.1,HQ130716.1,FJ496308.1,DQ474070.1,EU823313.1,FJ210937.1,EU002913.1,AY513965.1,DQ100418.1
OTU2608	HF674734.1,KX611549.1,KP276501.1,KP276500.1,KP276499.1,AY219880.1,MK051143.1,MH862567.1,MH860817.1,MH860816.1,MH859528.1,MH859071.1,MH858650.1,MH857210.1,MH855686.1,MG543962.1,MH242599.1,MH497179.1,MH497177.1,MH497171.1,MF942883.1,MG004789.1,MG905629.1,KY977438.1,KX869937.1,KR004940.1,KR004919.1,KR004898.1,KR004891.1,KR004884.1,KR004875.1,KR004873.1,KR004837.1,KR004834.1,KU354842.1,LC146727.1,LC146726.1,KT289577.1,KC131432.1,KC131353.1,KC131339.1,KC131285.1,KP992013.1,KP991634.1,KP991631.1,KP991619.1,KP991613.1,HQ414607.1,KJ936999.1,LK052768.1,KJ508342.1,KJ508336.1,KJ508326.1,KJ508321.1,KJ508293.1,KJ508267.1,KJ508263.1,KF703920.1,JX535133.1,AB752287.1,JQ761881.1,JQ761824.1,JQ761628.1,JQ761619.1,JQ761583.1,JQ761505.1,JQ761491.1,JQ761014.1,JQ760940.1,JQ760754.1,JQ760602.1,JQ760491.1,JQ760451.1,JQ759859.1,JQ759846.1,JQ759819.1,JQ759808.1,JQ759802.1,JQ759791.1,JQ759784.1,JQ759783.1,JQ759757.1,JQ759742.1,JQ759727.1,JQ759726.1,JQ759690.1,JQ759654.1,JQ759611.1,JQ759423.1,JQ759415.1,HQ829070.1,JF815068.1,JF815067.1,JF815066.1,HQ657291.1,HM595555.1,FJ235948.1,AY561213.1,AY198390.1,HQ660445.1
OTU2643	MK029866.1,MH861512.1,MH861347.1,KT692567.1,KC989097.1,KC311477.1,EU167564.1,AY305377.1,MH856766.1,KF638273.1,KT389518.1,KX342944.1,NR_136131.1,KT389510.1,MH862807.1,MH856523.1,MH861971.1,MH399271.1,JQ761084.1,FJ228181.1,MH861378.1,KX378910.1,DQ344033.1,KY703408.1,HQ696060.1,HQ696020.1,HQ647347.1,HQ882800.1,AY268219.1,MK012408.1,KT923242.1,FJ228201.1,AJ279473.1,AJ279461.1,AJ279443.1,AB255263.1,KT389516.1,KT389512.1,MH059540.1,HQ533862.1,AF520642.1,NR_158282.1,LT592962.1,LT592960.1,LT592958.1,LT592956.1,LT592907.1,KU556505.1,KP899390.1,JX981474.1,KF212233.1,JX401949.1,AB255305.1,AB255301.1,KU838144.1,HF674750.1,AF520640.1,NR_158239.1,GU237887.1,KT389527.1,AF520641.1,KT309957.1,JX875945.1,MF065735.1,MH857013.1,NR_158269.1,KY742121.1,JQ905808.1,NR_158284.1,MG828921.1,HQ533846.1,MF065741.1,NR_136130.1,NR_135970.1,KJ183691.1,NR_158245.1,NR_158244.1,KX247432.1,KX247418.1,KX247405.1,KX247404.1,KT389526.1,KT389525.1,KT389524.1,JQ761063.1,GQ996119.1,MH864868.1,FJ025183.1,FJ025157.1,HM439519.1,HQ637317.1,LT992283.1,LT992282.1,LT992277.1,LT992276.1,KM492838.2,KP794086.1,KP309888.1,KC113302.1,NR_137017.1
OTU2644	MK044610.1,MK044609.1,MH857370.1,MK300049.1,MH399479.1,MH399424.1,MH399422.1,MH399415.1,MH399414.1,MH399403.1,MH399402.1,MH399397.1,MH399396.1,MH399395.1,MH399384.1,MH399321.1,MH399274.1,MH399273.1,MH399268.1,MH399267.1,MH399266.1,KX272940.1,KT290969.1,KT692571.1,KP780443.1,KM011994.1,JX129891.1,EF452481.1,EF452487.1,EF452479.1,EF452475.1,EF452476.1,AY739861.1,AY739840.1,AY739812.1,EF452491.1,EF452484.1,MH399429.1,MH857371.1,EF452490.1,AY739773.1,JN943660.1,AM887495.1,JN943659.1,AY739858.1,AY739842.1,AY739830.1,AY739813.1,AY739808.1,AY739827.1,AY739833.1,AY739831.1,AY004808.1,AY739838.1,AY739814.1,AM887509.1,AM887493.1,AY739844.1,AY739843.1,AY739805.1,AY739804.1,AY739797.1,AY739795.1,AY739792.1,AY739777.1,AY739770.1,AY739834.1,AY739845.1,AY739839.1,AY739806.1,AY739785.1,AY739779.1,AY739775.1,AY739772.1,AY739862.1,AY739849.1,AY739815.1,AY739828.1,MH399470.1,MH399413.1,AY739829.1,AY739778.1,MK044617.1,KX641973.1,KX641972.1,KP698354.1,JX187587.1,JX187589.1,JX187588.1,EF452471.1,EF452470.1,EF452461.1,Y08744.2,Y08746.1,Y08745.1,AY739826.1,AY739820.1,AY739803.1,AY739822.1,HQ414599.1
OTU2689	MK211238.1,MG888615.1,MH871969.1,MH862365.1,MH861667.1,MH861189.1,MH861055.1,MH860982.1,MH860801.1,MH860800.1,MH860593.1,MH859322.1,MH859134.1,MH859056.1,MH855866.1,MH855016.1,MH854688.1,KY742562.1,KY742561.1,MF135143.1,MH203391.1,MH203388.1,MG098249.1,LC171668.1,KT355016.1,KT323163.1,KT004556.1,LN714588.1,JX160061.1,JX681101.1,KC608053.1,JF705947.1,FR846476.1,FM172831.1,MK555325.1,MK100161.1,MK100160.1,MK100125.1,MH863137.1,MH861284.1,MH860983.1,MH860857.1,MH860812.1,MH860799.1,MH859287.1,MH859136.1,MH857863.1,MH857452.1,MH857437.1,MH854759.1,NR_158247.1,KY290226.1,KY290223.1,LT592957.1,MG065746.1,MG065745.1,KX033400.1,KX033384.1,KX611081.1,KU900320.1,KU900323.1,KU900322.1,KU900321.1,KU900318.1,NR_153618.1,KU743967.1,KU325193.1,KU325135.1,KU325072.1,NR_135942.1,KT004577.1,KT192318.1,KT192317.1,KT121495.1,KR183769.1,KJ612070.1,KF534493.1,KJ935027.1,KJ935024.1,KF263920.1,KF309192.1,JN030997.1,JN712497.1,JN712495.1,JN225888.1,FN394687.1,EU167570.1,KY947522.1,FN868459.1,KT150711.1,KT150686.1,KT962087.1,KT962086.1,KT962085.1,KT962084.1,KT962083.1,KT962082.1,KT962081.1,KT962080.1,KT962079.1
OTU2730	MH118273.1,MK211241.1,MK051141.1,MK461063.1,MK460940.1,MK460778.1,MK226306.1,MK226297.1,MK226292.1,MK226283.1,MK226279.1,MK226276.1,MK226259.1,MK226257.1,MK226254.1,MK226249.1,MK226248.1,MK226246.1,MK226244.1,MK226242.1,MK226239.1,MH588280.1,MH474327.1,MH399531.1,MH399455.1,MH399441.1,MH399436.1,MH399417.1,MH399382.1,MH399378.1,MH399377.1,MH399371.1,MH399366.1,MH399364.1,MH399356.1,MH399346.1,MH399319.1,MH399304.1,MH101385.1,MG736194.1,MG736091.1,LC171692.1,MG686507.1,KY484905.1,KY484904.1,KY484903.1,KY484902.1,KY458469.1,MF141014.1,MF141013.1,MG065786.1,MF462304.1,MF788183.1,MF687709.1,NR_151853.1,KY026587.1,KY009902.1,KX343167.1,KY883353.1,KX610443.1,KX228296.1,KX228295.1,KU375629.1,KU325425.1,KU325108.1,KU041711.1,KF993393.1,KT281913.1,KT270257.1,KT269741.1,KT269708.1,KT269618.1,KT269505.1,KT269500.1,KR094465.1,KR094460.1,KR094444.1,KM454880.1,KP641146.1,KP131538.1,KP131536.1,KM215629.1,KM215625.1,HG324079.1,KC492565.1,JX978231.1,KC254057.1,JX418360.1,JX454532.1,GU584953.1,HM467255.1,NR_135935.1,AY762946.1,AY278834.1,AF397239.1,AJ549824.1,AY154691.1,AY154688.1,Y17067.1,NR_151852.1
OTU277	EU617241.1,MG891795.1,MG891795.1,LN864523.1,KP418788.1,MH001946.1,MG572361.1,KJ512160.1,KJ512159.1,KJ512146.1,KJ512146.1,GQ121300.1,MF035961.1,KT067745.1,KJ670286.1,MK049963.1,MK049963.1,KJ670288.1,MH873506.1,MH873503.1,MH862035.1,MH861811.1,KC589017.1,AB470241.1,KF741596.1,MH873502.1,MH862030.1,MH861394.1,MH861393.1,MH857355.1,MH857354.1,MK532847.1,MH979286.1,MH910543.1,MH873741.1,MH873717.1,MH873504.1,MH873180.1,MH873178.1,MH864083.1,MH862053.1,MH862044.1,MH862043.1,MH862042.1,MH862041.1,MH862036.1,MH862034.1,MH862029.1,MH862015.1,MH862014.1,MH861812.1,MH861803.1,MH861802.1,MH861464.1,MH861451.1,MK163781.1,MK404672.1,MH020191.1,MG722733.1,KX196783.1,KU559361.1,KU559360.1,KU559341.1,KU559340.1,LC014888.1,KJ668434.1,KP814402.1,KM411465.1,JX434676.1,KM373240.1,KC572033.1,KC572019.1,KJ855942.1,KC514822.1,JN225961.1,HQ604799.1,AF454430.1,AF454429.1,AF454427.1,AF506450.1,AF506429.1,AF506428.1,AF506423.1,AF506419.1,AF506417.1,AF506416.1,AF506415.1,AF506414.1,AF506403.1,AF506402.1,AF506389.1,AF511444.1,AF511442.1,AF511440.1,AF511439.1,AF511438.1,AF511437.1,AF261281.1,AF516569.1,AF516568.1,AF516559.1,AF516558.1,KJ855957.1
OTU2785	MG925031.1,MG925030.1,MG925023.1,MG925022.1,MG925021.1,MG925020.1,MG925019.1,MG925017.1,MG925016.1,MG925006.1,MG925005.1,KX349437.1,LC203587.1,KX184815.1,KU361582.1,KU361581.1,KU361580.1,KU361579.1,KU361578.1,KU361549.1,KU361540.1,KU361539.1,KU361538.1,KU361521.1,KU361520.1,KU361512.1,KU671036.1,KY425723.1,KY425717.1,KM979504.1,KR709055.1,KR709007.1,KX137847.1,KX982210.1,KX856913.1,KU377284.1,KU377280.1,KT213238.1,KT213237.1,KT213136.1,KT213135.1,KT213134.1,KT213133.1,KT213132.1,KT213131.1,KT213130.1,KT213129.1,KT213125.1,KT213123.1,KT213122.1,KT213120.1,KT213118.1,KT213117.1,KT213113.1,KT213112.1,KT213111.1,KT213110.1,KT213109.1,KT213108.1,KT213107.1,KT213106.1,KT213104.1,KT213103.1,KT213102.1,KT213101.1,KT213099.1,KT213098.1,KT213097.1,KT213095.1,KT213094.1,KU059931.1,KT184788.1,KT184783.1,KT184779.1,KT184774.1,KU375666.1,KU377521.1,KU377519.1,KU377497.1,KU377496.1,KU377484.1,KU377478.1,KX219597.1,KU715169.1,KU715168.1,KU715167.1,KU323894.1,KU900501.1,KU900498.1,KT996050.1,KT996009.1,KX197955.1,KU321552.1,KU321547.1,KU258716.1,KU258711.1,KU258702.1,KU258697.1,KP133058.1,KP186124.1
OTU281	EU617241.1,MG891795.1,MG891795.1,LN864523.1,MG572361.1,KP418788.1,MH001946.1,GQ121300.1,MK049963.1,MK049963.1,MF035961.1,KJ512160.1,KJ512159.1,KJ512146.1,KJ512146.1,KT067745.1,KJ670286.1,KJ670288.1,KF741596.1,MH873506.1,MH873503.1,MH862035.1,MH861811.1,KC589017.1,AB470241.1,MK503439.1,MH873502.1,MH862030.1,MH861394.1,MH861393.1,MH500245.1,KP814402.1,KC514822.1,MK532847.1,MH979286.1,MH910543.1,MH873741.1,MH873717.1,MH873504.1,MH873180.1,MH873178.1,MH864083.1,MH862053.1,MH862044.1,MH862043.1,MH862042.1,MH862041.1,MH862036.1,MH862034.1,MH862029.1,MH862015.1,MH862014.1,MH861812.1,MH861803.1,MH861802.1,MH861464.1,MH861451.1,MK163781.1,MK404672.1,MH020191.1,MG722733.1,KX196783.1,KU559361.1,KU559360.1,KU559341.1,KU559340.1,LC014888.1,KJ668434.1,KM411465.1,JX434676.1,KM373240.1,KC572033.1,KC572019.1,KJ855942.1,JN225961.1,HQ604799.1,AF454430.1,AF454429.1,AF454427.1,AF506450.1,AF506429.1,AF506428.1,AF506423.1,AF506419.1,AF506417.1,AF506416.1,AF506415.1,AF506414.1,AF506403.1,AF506402.1,AF506389.1,AF511444.1,AF511442.1,AF511440.1,AF511439.1,AF511438.1,AF511437.1,AF261281.1,AF516569.1,AF516568.1,AF516559.1,AF516558.1,KJ855957.1
OTU291	EU617241.1,MG891795.1,MG891795.1,LN864523.1,MG572361.1,KP418788.1,MH001946.1,GQ121300.1,MK049963.1,MK049963.1,MF035961.1,KJ512160.1,KJ512159.1,KJ512146.1,KJ512146.1,KT067745.1,KJ670286.1,KJ670288.1,KF741596.1,MH873506.1,MH873503.1,MH862035.1,MH861811.1,KC589017.1,AB470241.1,MK503439.1,MH873502.1,MH862030.1,MH861394.1,MH861393.1,MH500245.1,KP814402.1,KC514822.1,MK532847.1,MH979286.1,MH910543.1,MH873741.1,MH873717.1,MH873504.1,MH873180.1,MH873178.1,MH864083.1,MH862053.1,MH862044.1,MH862043.1,MH862042.1,MH862041.1,MH862036.1,MH862034.1,MH862029.1,MH862015.1,MH862014.1,MH861812.1,MH861803.1,MH861802.1,MH861464.1,MH861451.1,MK163781.1,MK404672.1,MH020191.1,MG722733.1,KX196783.1,KU559361.1,KU559360.1,KU559341.1,KU559340.1,LC014888.1,KJ668434.1,KM411465.1,JX434676.1,KM373240.1,KC572033.1,KC572019.1,KJ855942.1,JN225961.1,HQ604799.1,AF454430.1,AF454429.1,AF454427.1,AF506450.1,AF506429.1,AF506428.1,AF506423.1,AF506419.1,AF506417.1,AF506416.1,AF506415.1,AF506414.1,AF506403.1,AF506402.1,AF506389.1,AF511444.1,AF511442.1,AF511440.1,AF511439.1,AF511438.1,AF511437.1,AF261281.1,AF516569.1,AF516568.1,AF516559.1,AF516558.1,KJ855957.1
OTU2982	XM_022020017.1,XM_018832062.1,XM_007297904.1
OTU3008	KX096667.1,KU182502.1,KC455899.1,HM749321.1,AM160648.1,KM376398.1,KM376393.1,MF062236.1,KR698833.1,NR_144812.1,JX188133.1,JX188132.1,JX188130.1,KC865289.1,JN400817.1,GQ911538.1,DQ000318.1,KX963338.1,KX078413.1,JX188134.1,JN622217.1,MK268130.1,JN809912.1,KY105818.1,KY105815.1,KC427018.1,JQ769326.1,EU149786.1,EU149785.1,MG589173.1,MF614974.1,MK352070.1,MK352066.1,MK351996.1,MF062205.1,MG250423.1,KY611836.1,KY611829.1,KR698907.1,KX096664.1,LC203732.1,LC203731.1,LC203730.1,LC203728.1,LC202044.1,KY105817.1,KY105814.1,KU745348.1,KU933994.1,KX078411.1,KX079872.1,KU504593.1,KP100169.1,KP100168.1,KP131895.1,KM376386.1,KM376374.1,JX188120.1,JX164069.1,JQ993373.1,JQ769325.1,HM849620.1,HM849618.1,DQ317388.1,DQ317359.1,AB093526.1,AB105432.1,MH720263.1,KY460932.1,KF134802.1,KY611837.1,KR698870.1,KR698870.1,KX067806.1,LC203729.1,LC203700.1,LC203751.1,KY105831.1,KP068783.1,KF292216.1,JQ425398.1,FJ573140.1,AY040655.1,HG421433.1,LC203739.1,LC203737.1,LC203736.1,LC203735.1,LC203734.1,LC203733.1,LC203750.1,LC203749.1,LC203748.1,LC203746.1,LC203745.1,LC203744.1,LC203743.1,KX349459.1,KX079884.1,KU168773.1,KP299242.1
OTU3009	KY105839.1,KM376413.1,KM376410.1,KM376404.1,KM376401.1,KM376383.1,AM160647.1,AJ581045.1,AY188380.1,KU745347.1,AJ581046.1,HF558649.1,MF615082.1,KR698913.1,KR698913.1,JQ857025.1,JQ769319.1,LC085209.1,MF615038.1,MF062235.1,MF927673.1,KR698917.1,KR698912.1,KR698910.1,KR698910.1,KR698906.1,KR698906.1,KR698898.1,KR698894.1,KR698893.1,KR698882.1,KR698882.1,KR698867.1,KR698867.1,KR698862.1,KR698858.1,KR698844.1,KR698844.1,KR698844.1,KR698841.1,KR698841.1,KR698820.1,KR698811.1,KR698810.1,KR698809.1,KR698807.1,LC203739.1,LC203737.1,LC203736.1,LC203735.1,LC203734.1,LC203733.1,LC203750.1,LC203749.1,LC203748.1,LC203746.1,LC203745.1,LC203744.1,LC203743.1,LC203742.1,LC203741.1,LC203740.1,KX349459.1,KX079884.1,KU168773.1,KU145511.1,KU182507.1,KT819339.1,KT819337.1,LC125320.1,LC125319.1,KP299253.1,KP299251.1,KP299244.1,KJ735089.1,KP276559.1,KM376411.1,KM376405.1,KM376402.1,KM376397.1,KM376392.1,KM376390.1,KM376388.1,KM376385.1,KM376381.1,KM376379.1,KM376372.1,KM376370.1,KJ735074.1,KM014599.1,KM014598.1,KM014595.1,KC865292.1,AB774237.1,AB774236.1,AB774235.1,AB774234.1,AB774231.1,AB774230.1,AB773890.1,AB773889.1,AB773887.1,AB773886.1,HF558648.1,AJ581049.1,NR_073260.1,AY040656.1,AY040654.1
OTU3014	LT671824.1,LT671816.1,LT671808.1,LT671800.1,LT671792.1,XM_018883743.1,CP012817.1
OTU3050	CP006175.2,XM_006956363.1,CP020172.1,CP020138.1,CP006239.2,CP006189.2,CP006179.2,CP006169.2,CP006238.2,CP006228.2,CP006208.2,CP006188.2,CP006178.2,CP006168.2,CP006236.2,CP006216.2,CP006176.2,CP006235.2,CP006215.2,CP006205.2,CP008336.1,CP008319.1,CP008302.1,CP008285.1,CP008268.1,CP008234.1,CP008421.1,CP008404.1,CP008387.1,CP008370.1,CP008353.1,CP008506.1,CP008489.1,CP008472.1,CP008455.1,CP008438.1,CP008591.1,CP008574.1,CP008557.1,CP008540.1,CP008523.1,CP008676.1,CP008659.1,CP008642.1,CP008625.1,CP008608.1,CP008217.1,CP008200.1,CP008183.1,CP008166.1,CP008693.1,CP008149.1,CP008132.1,CP008115.1,CP008098.1,CP008081.1,CP008064.1,CP008047.1,CP008030.1,CP008013.1,CP007996.1,CP007979.1,CP007962.1,CP007945.1,CP007928.1,CP007911.1,CP007894.1,CP007877.1,CP007860.1,CP007843.1,CP007826.1,CP006244.2,CP006234.2,CP006214.2,CP006204.2,CP006184.2,CP006164.2,CP006154.2,CP004114.2,CP006242.2,CP006212.2,CP006202.2,CP006192.2,CP006241.2,CP006231.2,CP006221.2,CP006211.2,CP006181.2,CP006171.2,CP006161.2,CP006240.2,CP006200.2,CP006170.2,CP006160.2,CP006233.1,CP006223.1,CP006173.1,CP006163.1,CP006153.1,CP006201.1
OTU3101	XM_003644984.1,CP002498.1
OTU3118	CP015870.1,XM_003646147.1,CP002500.1,KR265131.1,KP771707.1
OTU3182	XM_014219361.1,FO906020.1,AC277564.1,XM_014798526.1
OTU329	EU617241.1,MG891795.1,MG891795.1,LN864523.1,KP418788.1,GQ121300.1,MG572361.1,MH001946.1,KJ512160.1,KJ512159.1,KJ512146.1,KJ512146.1,MF035961.1,KT067745.1,KJ670286.1,MK049963.1,MK049963.1,KJ670288.1,MH862323.1,MH873506.1,MH873503.1,MH862035.1,MH861811.1,KC589017.1,AB470241.1,MH861394.1,KF741596.1,MH873172.1,MH862322.1,MH873502.1,MH862030.1,MH861393.1,MH857355.1,MH857354.1,MH873175.1,MH862070.1,MK367547.1,MK367529.1,MH071727.1,LC169801.1,KY703427.1,KY703425.1,KU179251.1,KT291000.1,KJ668498.1,KT823791.1,KP814438.1,KP255356.1,JX046435.1,JN545771.1,HQ608134.1,FR717228.2,HM595612.1,HM595566.1,MK532847.1,MK163781.1,MK404672.1,MH020191.1,MG722733.1,KX196783.1,KU559361.1,KU559360.1,KU559341.1,KU559340.1,LC014888.1,KJ668434.1,KP814402.1,KM411465.1,JX434676.1,KM373240.1,KC572033.1,KC572019.1,KJ855942.1,KC514822.1,JN225961.1,HQ604799.1,AF454430.1,AF454429.1,AF454427.1,AF506450.1,AF506429.1,AF506428.1,AF506423.1,AF506419.1,AF506417.1,AF506416.1,AF506415.1,AF506414.1,AF506403.1,AF506402.1,AF506389.1,AF511444.1,AF511442.1,AF511440.1,AF511439.1,AF511438.1,AF511437.1,AF261281.1,AF516569.1,AF516568.1,AF516559.1,AF516558.1,KJ855957.1
OTU3303	LT598660.1,XM_011321499.1,HG970333.1,XM_009261326.1
OTU348	EU617241.1,MG891795.1,MG891795.1,KP418788.1,MH001946.1,GQ121300.1,LN864523.1,MF035961.1,KJ512160.1,KJ512159.1,KJ512146.1,KT067745.1,KJ670286.1,KJ670288.1,KF741596.1,MH873506.1,MH873503.1,MH862035.1,MH861811.1,KC589017.1,AB470241.1,MK049963.1,MK049963.1,MH873502.1,MH862030.1,MH861394.1,MH861393.1,KP814402.1,KC514822.1,MK532847.1,MH979286.1,MH910543.1,MH873741.1,MH873717.1,MH873504.1,MH873180.1,MH873178.1,MH864083.1,MH862053.1,MH862044.1,MH862043.1,MH862042.1,MH862041.1,MH862036.1,MH862034.1,MH862029.1,MH862015.1,MH862014.1,MH861812.1,MH861803.1,MH861802.1,MH861464.1,MH861451.1,MH861438.1,MH861437.1,MK163781.1,MK404672.1,MH500245.1,MH020191.1,MG722733.1,KX196783.1,KU559361.1,KU559360.1,KU559341.1,KU559340.1,LC014888.1,KJ668434.1,KM411465.1,JX434676.1,KM373240.1,KC572033.1,KC572019.1,KJ855942.1,JN225961.1,HQ604799.1,AF454430.1,AF454429.1,AF454427.1,AF506450.1,AF506429.1,AF506428.1,AF506423.1,AF506419.1,AF506417.1,AF506416.1,AF506415.1,AF506414.1,AF506403.1,AF506402.1,AF506389.1,AF511444.1,AF511442.1,AF511440.1,AF511439.1,AF511438.1,AF511437.1,AF261281.1,AF516569.1,AF516568.1,AF516559.1,AF516558.1,KJ855957.1
OTU356	EU617241.1,MG891795.1,MG891795.1,LN864523.1,KP418788.1,MG572361.1,MH001946.1,GQ121300.1,MF035961.1,KJ512160.1,KJ512159.1,KJ512146.1,KJ512146.1,MK049963.1,MK049963.1,KT067745.1,KJ670286.1,KJ670288.1,KF741596.1,MH873506.1,MH873503.1,MH862035.1,MH861811.1,KC589017.1,AB470241.1,MH873502.1,MH862030.1,MH861394.1,MH861393.1,KP814402.1,KC514822.1,MK532847.1,MH979286.1,MH910543.1,MH873741.1,MH873717.1,MH873504.1,MH873180.1,MH873178.1,MH864083.1,MH862053.1,MH862044.1,MH862043.1,MH862042.1,MH862041.1,MH862036.1,MH862034.1,MH862029.1,MH862015.1,MH862014.1,MH861812.1,MH861803.1,MH861802.1,MH861464.1,MH861451.1,MH861438.1,MH861437.1,MK163781.1,MK404672.1,MH020191.1,MG722733.1,KX196783.1,KU559361.1,KU559360.1,KU559341.1,KU559340.1,LC014888.1,KJ668434.1,KM411465.1,JX434676.1,KM373240.1,KC572033.1,KC572019.1,KJ855942.1,JN225961.1,HQ604799.1,AF454430.1,AF454429.1,AF454427.1,AF506450.1,AF506429.1,AF506428.1,AF506423.1,AF506419.1,AF506417.1,AF506416.1,AF506415.1,AF506414.1,AF506403.1,AF506402.1,AF506389.1,AF511444.1,AF511442.1,AF511440.1,AF511439.1,AF511438.1,AF511437.1,AF261281.1,AF516569.1,AF516568.1,AF516559.1,AF516558.1,KJ855957.1
OTU363	KX911858.1,MH855489.1,MH855414.1,MG733995.1,MH855415.1,KT699119.1,MH857579.1,AY302513.1,KX911850.1,KX911860.1,MF098689.1,MH855413.1,MF189922.1,KX911854.1,KX911852.1,KX911851.1,KX911857.1,MH855488.1,KR081403.1,MH102065.1,KX911848.1,KX911847.1,KX977321.1,KC460839.1,KU933448.1,AY625073.1,MH855490.1,KP132876.1,MK418807.1,KX911856.1,JN942880.1,HQ997370.1,KX911855.1,KX911853.1,FJ770080.1,FJ755832.1,KJ494640.1,AY302502.1,KJ409907.1,AY302506.1,KP398881.1,KJ494643.1,KJ494642.1,AY328914.1,KJ409911.1,NR_131988.1,AY302519.1,AY302511.1,KJ409916.1,AY302526.1,AY302501.1,AY328912.1,AY302507.1,KJ409913.1,KJ494609.1,KJ409921.1,KJ409896.1,AY302529.1,AY302499.1,AY302508.1,KY322648.1,KJ409922.1,HQ997371.1,AY863022.1,KJ409929.1,KJ409905.1,KX911859.1,AY302510.1,KJ409938.1,KJ494605.1,KJ409910.1,AY302530.1,AY302514.1,KJ409939.1,KJ409903.1,AY302534.1,KJ494624.1,KJ494608.1,KJ409934.1,NR_132075.1,AY328918.1,KX911849.1,KJ494627.1,KJ409918.1,EU329736.1,KJ494626.1,NR_155961.1,KJ409892.1,KJ409881.1,KC834762.1,AY302517.1,AY302516.1,KJ494629.1,KJ494595.1,KJ409901.1,KJ409875.1,AY302528.1,AY302525.1,KJ409889.1,KP398871.1
OTU416	MG572361.1,MG891795.1,MG891795.1,LN864523.1,KJ512146.1,KJ512146.1,EU617241.1,EU617241.1,KJ670286.1,MK503439.1,MK049963.1,MH001946.1,JQ411394.1,MK116448.1,MH862297.1,MH729010.1,MF035961.1,KT067745.1,KM278033.1,KP418788.1,KJ512160.1,KJ512159.1,AF506417.1,AF506466.1,MH862036.1,MH862034.1,MH861812.1,MH858266.1,MH857624.1,MH857623.1,MH857622.1,MH857621.1,MH857620.1,MH857357.1,MH857356.1,MH857077.1,MK460951.1,MG645188.1,KU559340.1,LC014888.1,KJ668434.1,KP900735.1,MK532847.1,MH304499.1,MH304497.1,MH304496.1,MH979286.1,MH910543.1,MH873741.1,MH873717.1,MH873504.1,MH873180.1,MH873178.1,MH864083.1,MH862053.1,MH862044.1,MH862043.1,MK163781.1,MK404672.1,NR_155363.1,MH020191.1,MG722733.1,KX196783.1,KU559361.1,KU559360.1,KU559341.1,KM411465.1,AB968397.1,NR_147509.1,JX434676.1,KM373240.1,KC572033.1,KC572019.1,KJ855942.1,KJ706495.1,JN225961.1,HQ604799.1,HM559719.1,AF454430.1,AF454429.1,AF454427.1,AF506450.1,AF506429.1,AF506428.1,AF506428.1,AF506419.1,AF506416.1,AF506415.1,AF506414.1,AF506403.1,AF506402.1,AF506389.1,AF511444.1,AF511442.1,AF511440.1,AF511439.1,AF511438.1,AF511437.1,AF261281.1,AF516569.1,AF516568.1,AF516559.1,AF516558.1,KJ855957.1
OTU434	MH855413.1,MF189922.1,KX911850.1,KP398881.1,KX911860.1,KY322648.1,KR081403.1,KJ409934.1,NR_132075.1,AY328918.1,AY302525.1,KJ494605.1,KJ409910.1,AY302530.1,AY302514.1,KJ409903.1,AY302534.1,AY302516.1,KJ494609.1,KJ409921.1,AY302529.1,KJ494608.1,AY863021.1,AY863022.1,KJ494595.1,KJ409901.1,KX911859.1,KJ409922.1,KJ409929.1,KJ409938.1,KX911858.1,MH855488.1,AY302513.1,MH855415.1,KT699119.1,KP132876.1,MH855489.1,MH855414.1,MH102065.1,MG733995.1,JN942880.1,KU933448.1,KJ409939.1,MH857579.1,KX911856.1,KC460839.1,HQ997370.1,KX911848.1,KX911847.1,KX977321.1,MF098689.1,KJ409905.1,MK418807.1,KX911857.1,KX911854.1,KX911852.1,KX911851.1,AY625073.1,KX911855.1,KX911853.1,FJ770080.1,FJ755832.1,AY302518.1,KJ409919.1,AY302527.1,AY302524.1,KJ409935.1,HQ997371.1,MH855490.1,KJ494613.1,KJ409899.1,KJ494643.1,KJ409912.1,KJ494642.1,AY302502.1,KJ494627.1,KJ409915.1,AY302520.1,KJ409911.1,KJ409907.1,AY302506.1,KJ494626.1,KJ409892.1,KJ409881.1,AY302508.1,KJ494640.1,KJ409896.1,AY302499.1,KJ409889.1,AY328914.1,AY302507.1,AY302503.1,AY302511.1,KX911849.1,EU329736.1,NR_131988.1,AY302519.1,AY302501.1,KJ409898.1,KC834762.1
OTU493	KC460839.1,MK418807.1,MH102065.1,KX911854.1,KX911852.1,KX911851.1,AY625073.1,KX911857.1,KX911856.1,HQ997370.1,KU933448.1,KX911855.1,KX911853.1,MH855488.1,KX911848.1,KX911847.1,KX977321.1,KP132876.1,JN942880.1,KC834762.1,FJ770080.1,FJ755832.1,KX394531.1,KJ494619.1,KJ494616.1,KJ409908.1,EU329737.1,EU329736.1,HQ997371.1,KJ494623.1,AY302504.1,KJ409893.1,AY328917.1,KJ409898.1,MH855415.1,KT699119.1,KJ409877.1,KX911858.1,KR081403.1,NR_155961.1,MH857579.1,MH855489.1,MH855414.1,MG733995.1,KP398871.1,KJ494626.1,KJ409918.1,KJ409892.1,KJ409881.1,AY302531.1,KJ494629.1,KJ409875.1,AY302528.1,AY302517.1,KJ409879.1,KJ494624.1,KJ494625.1,KJ409884.1,KJ409883.1,AY302513.1,KJ409895.1,KJ409889.1,AY302503.1,KM217176.1,KX911860.1,KJ494627.1,KJ409914.1,KX911849.1,KJ409891.1,MH855413.1,MF189922.1,AY302533.1,DQ338569.1,NR_159006.1,KJ409878.1,MF098689.1,KJ409915.1,AY302520.1,KJ409882.1,AY302532.1,AY302509.1,KX911850.1,NR_155952.1,AY302505.1,KJ409888.1,MK517584.1,KP398881.1,KJ409917.1,MH855490.1,KF986438.1,KY814725.1,KJ494643.1,AY328914.1,AY302511.1,KJ409911.1,KJ409907.1,AY302506.1,KR015911.1,KJ494640.1,KJ494642.1
OTU545	KY495743.1,KR912279.1,KR912276.1,KR912276.1,KY611834.1,KY611818.1,KY495777.1,MF071283.1,KY041635.1,KY105476.1,KY105475.1,KY105467.1,KX376263.1,KU145518.1,KU609534.1,KR912281.1,KR912280.1,KR912278.1,KR912278.1,KR912277.1,JX188236.1,JX188234.1,KF307738.1,KC865294.1,JX164071.1,JQ993369.1,JQ425363.1,DQ297410.1,AY015435.1,MF062230.1,MF062217.1,JX188237.1,JQ993392.1,JF817333.1,EU003481.1,EU003480.1,MH380202.1,MF102879.1,KX067834.1,KY558347.1,KY105478.1,KY105477.1,KY105470.1,KY105469.1,KY105465.1,KY105464.1,KY105463.1,KU745374.1,KU934004.1,KU504594.1,KT363067.1,KM376382.1,KF307736.1,FJ591128.1,FJ490624.1,NR_137686.1,AM160644.1,AB030351.1,AY015438.1,KY705066.1,MF615032.1,KX096693.1,KY105472.1,KJ707006.1,JN942191.1,NR_155845.1,KY105474.1,KY105468.1,MG470929.1,KJ706688.1,KC574083.1,AB093520.1,KJ706529.1,MG471087.1,MG471082.1,MG471075.1,MG470913.1,MG470908.1,MG470907.1,MG470901.1,MG470880.1,MG470873.1,MG470871.1,AY070006.1,MG471283.1,MG471092.1,MG471081.1,MG471047.1,MG471043.1,MG471021.1,MG470892.1,MG470876.1,KU168779.1,KU168778.1,KT732283.1,MG471242.1,MG471152.1,MG471076.1,KJ706847.1,MG471208.1,MG471048.1,MG471008.1
OTU63	MK271338.1,MK268122.1,MK267593.1,MK267592.1,MK267591.1,MK267587.1,MK044058.1,MK044056.1,MK044055.1,MK044049.1,MK044047.1,MK044046.1,MK044043.1,MK044038.1,MK044025.1,MK026360.1,MG009532.1,MH748642.1,MK493443.1,MH636848.1,MH459418.1,MH459417.1,MH459416.1,KY911179.1,MG813547.1,MH045269.1,KY611850.1,CP023460.1,CP023460.1,CP023460.1,CP023460.1,CP023460.1,CP023460.1,KY906199.1,KJ830981.1,LC269188.1,MF066036.1,KY073321.1,KY421189.1,KY103837.1,KY103834.1,KY103833.1,KY103831.1,KY103809.1,KY103808.1,KY103804.1,KY103803.1,KY103801.1,KY103800.1,KY103799.1,KY103795.1,KY103790.1,KY103789.1,CP015058.1,CP015058.1,KX376264.1,KX376261.1,KX833106.1,KU296047.1,KP219445.1,KP192932.1,KP132338.1,KP132326.1,AP014603.1,AP014603.1,CP009307.1,CP009307.1,KF964549.1,KF851354.1,KF851351.1,KF851351.1,AP012217.1,AP012217.1,KF646188.1,KF646177.1,KF646170.1,KF646169.1,KF646164.1,KF646163.1,HG532087.1,HG532083.1,KC987956.1,KC905771.1,KC544505.1,AB771424.1,JX174415.1,JQ425346.1,JQ425345.1,JQ083435.1,HE650691.1,HQ396523.1,HM363382.1,HM363375.1,HM363374.1,HM363372.1,EU794731.1,NR_111251.1,AB365315.1,AY139786.1,AF543841.1,AY233348.1,AF218997.1,DQ249191.1,KY103819.1,MH748641.1,KP132330.1,KP132323.1,KM921925.1,HQ014729.2,HQ014731.1
OTU683	EU913688.1,EU913696.1,EU913700.1,EU913697.1,EU913693.1,EU913692.1,EU913695.1,MH862711.1,EU913708.1,AY542504.1,EU913704.1,AY542503.1,EU913707.1,EU913699.1,EU913711.1,EU913710.1,EU913691.1,MH858901.1,EU913705.1,FJ269218.1,EU913702.1,EU913701.1,EU913687.1,EU913686.1,EU913706.1,FJ269219.1,DQ268610.1,DQ268609.1,DQ268607.1,EU913717.1,EU913716.1,HM363151.1,EU913714.1,NR_103596.1,HM363152.1,HM363153.1,KT264634.1,NR_155177.1,KX396550.1,HQ608102.1,HM771021.1,HQ630984.1,GU827495.1,MG322131.1,KP890194.1,KP890193.1,KP890191.1,KP890181.1,KP890179.1,MH865640.1,MH865638.1,MH865637.1,MH865634.1,MH865633.1,MH729029.1,MH718841.1,MH165368.1,MH165367.1,LC317792.1,MG270181.1,MF359548.1,MF359547.1,KX424956.1,LT674551.1,XR_001677157.1,LC012605.1,LC012604.1,LC012602.1,LC012601.1,LC012600.1,LC012599.1,LC012598.1,LC012515.1,LC012515.1,LC012512.1,KP132789.1,KP132788.1,KP132787.1,KP132786.1,KP132785.1,KP132783.1,KP132782.1,KP132780.1,FJ545232.1,EF589117.1,EF589116.1,AF484467.1,AB122049.1,AB122048.1,AB122047.1,AB122045.1,AB122044.1,AB122040.1,AB122039.1,AB122038.1,AB128011.1,AB128009.1,AB128008.1,AB089139.1,AB128000.1,AB127999.1
OTU810	KY104375.1,KM065947.1,NR_138241.1,KF057686.1,KF057638.1,KY104370.1,KY104369.1,KY076626.1,KX078420.1,KX078419.1,KX078418.1,KX078417.1,KX078416.1,HQ631020.1,KY104368.1,KY104361.1,KY104360.1,KR813021.1,KM065944.1,AB449811.1,NR_111255.1,KX525671.1,NR_155483.1,NR_155479.1,KY104377.1,KY104362.1,KY104354.1,NR_155480.1,KY104371.1,KY104376.1,KY104355.1,KM065945.1,FJ873600.1,KY104359.1,KY104358.1,KJ706554.1,KJ706236.1,KJ706395.1,KJ707212.1,KJ706872.1,KF699362.1,HE799678.1,JN688670.1,JN688669.1,JN688668.1,HE574658.1,HE574656.1,HE574642.1,KY104357.1,KU745315.1,KU745314.1,MK268152.1,MK267799.1,MK267798.1,MK267586.1,MK409384.1,KY076621.1,JX188107.1,JX188106.1,KC865288.1,HQ876045.1,EU541359.1,KY495774.1,KY495769.1,KY495745.1,LT548269.1,LT548268.1,HE862239.1,HE862238.1,MH023198.1,MG250502.1,MG250491.1,MH465055.1,MF574307.1,LC272847.1,KX981191.1,KM402083.1,KJ706726.1,KJ706408.1,KF728791.1,JX993814.1,HQ438312.1,HQ438311.1,HQ438310.1,HQ438309.1,HQ438308.1,HQ438307.1,HQ438306.1,HQ438305.1,HQ438304.1,HQ438303.1,HQ438302.1,HQ438301.1,HQ438300.1,HQ438299.1,HQ438298.1,HQ438297.1,HQ438296.1,HQ438295.1,HQ438294.1
OTU888	KY416987.1,KY550354.1,KY102200.1,KU883320.1,KU883312.1,KU883311.1,KU883310.1,KU883309.1,KU883308.1,KU883307.1,KP895604.1,HG421424.1,HQ379156.1,FM178311.1,FN376411.1,NR_111296.1,EF197812.1,AY452740.1,AJ606465.1,AJ585348.1,KY550355.1,KT266860.1,KT316742.1,KT316715.1,AB365475.1,NR_077161.1,KU883321.1,KY102403.1,KT175172.1,AB360441.1,NR_155950.1,NR_155949.1,KY416964.1,KY102091.1,KY416982.1,MF186782.1,KF908252.1,NR_137665.1,AJ539367.1,KY104644.1,KY102232.1,KY101645.1,KY101638.1,KY856740.1,HQ283377.1,MH279679.1,HM461631.1,HM461630.1,NR_156006.1,LC060994.1,KY102163.1,KY101639.1,MH043588.1,NR_111393.1,AY964672.1,KX580708.1,KY102202.1,KY102201.1,AY964675.1,KY102395.1,KY101971.1,LC060705.1,FJ715435.1,NR_111390.1,NR_111343.1,MG871187.1,KY607883.1,MF136550.1,KY105943.1,KY105942.1,KY105939.1,JX188248.1,FM178295.1,NR_111395.1,MH782059.1,KY105938.1,KY101823.1,KY101822.1,KY101820.1,KX011604.1,KP131656.1,NR_155991.1,KY102517.1,KC182132.1,KC182129.1,KR016053.1,KM014574.1,NR_119420.1,AB365477.1,NR_138213.1,AY770414.1,NR_160050.1,JQ247716.1,JQ247717.1,FJ153163.1,KF908254.1,NR_111342.1,AY964670.1,AY964674.1,AY964673.1
OTU931	KY416987.1,KY550354.1,KY102200.1,KU883320.1,KU883312.1,KU883311.1,KU883310.1,KU883309.1,KU883308.1,KU883307.1,KP895604.1,HG421424.1,HQ379156.1,FM178311.1,FN376411.1,NR_111296.1,EF197812.1,AY452740.1,AJ606465.1,AJ585348.1,KY550355.1,KT266860.1,KT316742.1,KT316715.1,AB365475.1,NR_077161.1,KU883321.1,KY416964.1,KY102091.1,KY102403.1,KT175172.1,AB360441.1,NR_155950.1,NR_155949.1,NR_137665.1,KY416982.1,MF186782.1,HM461631.1,HM461630.1,KF908252.1,MH043588.1,KY105946.1,LC060993.1,NR_111477.1,FJ715432.1,GQ258721.1,NR_160050.1,JQ247716.1,JQ247717.1,NR_155991.1,KY102517.1,LC076105.1,KY102212.1,KR016053.1,KM014574.1,AY964673.1,MH782059.1,KY101823.1,KY101822.1,KY101820.1,KX011604.1,KP131656.1,MK130964.1,EU491501.1,KP794187.1,JQ665412.1,AB365477.1,NR_138213.1,MK130967.1,NR_111392.1,AY964669.1,NR_111395.1,NR_111342.1,AY964670.1,KY102414.1,KY101952.1,AJ539378.1,MG871187.1,KY607883.1,MF136550.1,KY105943.1,KY105942.1,KY105939.1,LC060705.1,KJ706405.1,JX188248.1,FM178295.1,KY102395.1,KY102113.1,NR_111343.1,NR_111341.1,AY770414.1,NR_156006.1,LC060994.1,AY964679.1,AY964671.1,HQ695011.1,FJ153212.1,KX809940.1,KY105938.1
OTU939	EU661888.1,DQ534576.1,MF161208.1,DQ144620.1,KJ140537.1,HQ871871.1,HQ871872.1,DQ494686.1,MH860536.1,KP768310.1,DQ144610.1,DQ144619.1,KX100407.1,FJ235992.1,KC589019.1,KU518951.1,KC589018.1,KC514915.1,MH858579.1,JN649328.1,KP814469.1,KP814295.1,AM922223.1,EU118615.1,KP814288.1,KP814482.1,KP814272.1,KC514914.1,KP814301.1,NR_159011.1,KT750961.1,KP670407.1,KP670406.1,KP670405.1,KP670404.1,KJ010077.1,KP814420.1,KP814348.1,KC505560.1,MK520873.1,MK520872.1,MK520871.1,KP814480.1,JX524619.1,AJ420948.1,AJ420947.1,NR_153926.1,KX685875.1,MH861619.1,KM098122.1,JX524620.1,KP814479.1,MH857293.1,JX524621.1,AB819092.1,AB819093.1,AB819082.1,AB819081.1,KC581312.1,GQ354271.1,MK049915.1,MK049914.1,MH547105.1,KY449345.1,KY449344.1,HQ604741.1,LT716052.1,DQ144613.1,MH979268.1,LC389049.1,KY962439.1,KY962438.1,KY352638.1,KP670408.1,LC098752.1,AB819088.1,AB819078.1,AB819070.1,AB819072.1,AB819068.1,AB819069.1,AB854089.1,AB854086.1,AB854083.1,HM536099.1,HM240545.1,GQ219730.1,MG437220.1,MH856415.1,MK496219.1,KY948776.1,KT954952.1,LN611111.1,LN611108.1,KP135379.1,KJ612041.1,MH858220.1,GU187503.1,AY684172.1,JF908071.1
