NCMBID	Gender	Father	Mutter	cage
048191	m	031939//agoutiL	032156//greyL	F19-1
048192	m	031939//agoutiL	032156//greyL	F19-1
048193	m	031939//agoutiL	032156//greyL	F19-1
048194	m	031939//agoutiL	032156//greyL	F19-1
048268	m	032055//black	032109//whiteL	F19-10
048269	m	032055//black	032109//whiteL	F19-10
048270	m	032055//black	032109//whiteL	F19-10
068510	m	048658//br-G19-831	050255//beLG19-816	F20-100
068511	m	048658//br-G19-831	050255//beLG19-816	F20-100
068512	f	048658//br-G19-831	050255//beLG19-816	F20-101
068513	f	048658//br-G19-831	050255//beLG19-816	F20-101
068514	f	048658//br-G19-831	050255//beLG19-816	F20-101
068515	f	048658//br-G19-831	050255//beLG19-816	F20-101
068516	f	048658//br-G19-831	050255//beLG19-816	F20-101
068523	m	048681//blRG19-833	050249//agLG19-814	F20-102
068524	m	048681//blRG19-833	050249//agLG19-814	F20-102
068525	m	048681//blRG19-833	050249//agLG19-814	F20-102
068526	f	048681//blRG19-833	050249//agLG19-814	F20-103
068527	f	048681//blRG19-833	050249//agLG19-814	F20-103
068528	f	048681//blRG19-833	050249//agLG19-814	F20-103
068529	f	048681//blRG19-833	050249//agLG19-814	F20-103
068530	f	048681//blRG19-833	050249//agLG19-814	F20-104
068531	f	048681//blRG19-833	050249//agLG19-814	F20-104
068532	f	048681//blRG19-833	050249//agLG19-814	F20-104
068544	m	048718//bl-G19-837	048348//wh-G19-812	F20-105
068545	m	048718//bl-G19-837	048348//wh-G19-812	F20-105
068546	m	048718//bl-G19-837	048348//wh-G19-812	F20-105
068547	m	048718//bl-G19-837	048348//wh-G19-812	F20-106
068553	m	048718//bl-G19-837	048349//whLG19-812	F20-106
068554	m	048718//bl-G19-837	048349//whLG19-812	F20-106
068548	f	048718//bl-G19-837	048348//wh-G19-812	F20-107
068549	f	048718//bl-G19-837	048348//wh-G19-812	F20-107
068550	f	048718//bl-G19-837	048348//wh-G19-812	F20-107
068551	f	048718//bl-G19-837	048348//wh-G19-812	F20-107
068555	f	048718//bl-G19-837	048349//whLG19-812	F20-107
068556	f	048718//bl-G19-837	048349//whLG19-812	F20-107
068559	m	048799//gr-G19-843	049516//blRG19-808	F20-108
068558	m	048799//gr-G19-843	049516//blRG19-808	F20-108
068560	m	048799//gr-G19-843	049516//blRG19-808	F20-108
068561	f	048799//gr-G19-843	049516//blRG19-808	F20-109
068562	f	048799//gr-G19-843	049516//blRG19-808	F20-109
068563	f	048799//gr-G19-843	049516//blRG19-808	F20-109
068564	f	048799//gr-G19-843	049516//blRG19-808	F20-109
048271	f	032055//black	032109//whiteL	F19-11
048272	f	032055//black	032109//whiteL	F19-11
048273	f	032055//black	032109//whiteL	F19-11
048274	f	032055//black	032109//whiteL	F19-11
048275	f	032055//black	032109//whiteL	F19-11
068565	f	048799//gr-G19-843	049516//blRG19-808	F20-110
068566	f	048799//gr-G19-843	049516//blRG19-808	F20-110
068567	f	048799//gr-G19-843	049516//blRG19-808	F20-110
068568	m	048830//gr-G19-846	050231//be-G19-807	F20-111
068569	m	048830//gr-G19-846	050231//be-G19-807	F20-111
068570	m	048830//gr-G19-846	050231//be-G19-807	F20-111
068572	m	048830//gr-G19-846	050231//be-G19-807	F20-112
068573	m	048830//gr-G19-846	050231//be-G19-807	F20-112
068571	m	048830//gr-G19-846	050231//be-G19-807	F20-112
068574	f	048830//gr-G19-846	050231//be-G19-807	F20-113
068575	f	048830//gr-G19-846	050231//be-G19-807	F20-113
068576	f	048830//gr-G19-846	050231//be-G19-807	F20-113
068577	f	048830//gr-G19-846	050231//be-G19-807	F20-113
068578	f	048830//gr-G19-846	050231//be-G19-807	F20-113
068579	f	048830//gr-G19-846	050232//gr-G19-807	F20-114
068580	f	048830//gr-G19-846	050232//gr-G19-807	F20-114
068581	f	048830//gr-G19-846	050232//gr-G19-807	F20-114
068582	f	048830//gr-G19-846	050232//gr-G19-807	F20-114
068583	f	048830//gr-G19-846	050232//gr-G19-807	F20-114
068584	m	050287//be-G19-849	050215//blLG19-805	F20-115
068597	m	050308//agRG19-853	048284//blRG19-804	F20-115
068598	m	050308//agRG19-853	048284//blRG19-804	F20-115
068586	m	050287//be-G19-849	050213//bl-G19-805	F20-116
068587	m	050287//be-G19-849	050213//bl-G19-805	F20-116
068588	m	050287//be-G19-849	050213//bl-G19-805	F20-116
068585	f	050287//be-G19-849	050215//blLG19-805	F20-117
068589	f	050287//be-G19-849	050213//bl-G19-805	F20-117
068590	f	050287//be-G19-849	050213//bl-G19-805	F20-117
068599	f	050308//agRG19-853	048284//blRG19-804	F20-117
068600	f	050308//agRG19-853	048284//blRG19-804	F20-117
068602	m	050322//ag-G19-854	048252//blRG19-802	F20-118
068603	m	050322//ag-G19-854	048252//blRG19-802	F20-118
068601	m	050322//ag-G19-854	048252//blRG19-802	F20-118
068604	m	050322//ag-G19-854	048252//blRG19-802	F20-119
068608	m	050322//ag-G19-854	048251//grRG19-802	F20-119
068609	m	050322//ag-G19-854	048251//grRG19-802	F20-119
048278	f	032055//black	032108//white	F19-12
048279	f	032055//black	032108//white	F19-12
048280	f	032055//black	032108//white	F19-12
048281	f	032055//black	032108//white	F19-12
048282	f	032055//black	032108//white	F19-12
048283	f	032055//black	032108//white	F19-12
068605	f	050322//ag-G19-854	048252//blRG19-802	F20-120
068606	f	050322//ag-G19-854	048252//blRG19-802	F20-120
068607	f	050322//ag-G19-854	048252//blRG19-802	F20-120
068610	f	050322//ag-G19-854	048251//grRG19-802	F20-120
068611	f	050322//ag-G19-854	048251//grRG19-802	F20-120
068612	f	050322//ag-G19-854	048251//grRG19-802	F20-120
068624	m	048190//ag-G19-798	048210//bl-G19-799	F20-121
068625	m	048190//ag-G19-798	048210//bl-G19-799	F20-121
068626	m	048190//ag-G19-798	048210//bl-G19-799	F20-121
068627	f	048190//ag-G19-798	048210//bl-G19-799	F20-122
068628	f	048190//ag-G19-798	048210//bl-G19-799	F20-122
068629	f	048190//ag-G19-798	048210//bl-G19-799	F20-122
068630	f	048190//ag-G19-798	048210//bl-G19-799	F20-122
068631	m	048242//gr-G19-802	048196//agLG19-798	F20-123
068632	m	048242//gr-G19-802	048196//agLG19-798	F20-123
068633	m	048242//gr-G19-802	048196//agLG19-798	F20-123
068634	m	048242//gr-G19-802	048196//agLG19-798	F20-124
068635	m	048242//gr-G19-802	048196//agLG19-798	F20-124
068636	f	048242//gr-G19-802	048196//agLG19-798	F20-125
068637	f	048242//gr-G19-802	048196//agLG19-798	F20-125
068638	f	048242//gr-G19-802	048196//agLG19-798	F20-125
068639	f	048242//gr-G19-802	048196//agLG19-798	F20-125
068640	f	048242//gr-G19-802	048196//agLG19-798	F20-125
068649	m	048886//agRG19-797	050352//agRG19-855	F20-126
068650	m	048886//agRG19-797	050352//agRG19-855	F20-126
068651	m	048886//agRG19-797	050352//agRG19-855	F20-126
068655	m	048886//agRG19-797	050350//ag-G19-855	F20-127
068654	m	048886//agRG19-797	050350//ag-G19-855	F20-127
068652	f	048886//agRG19-797	050352//agRG19-855	F20-128
068653	f	048886//agRG19-797	050352//agRG19-855	F20-128
068656	f	048886//agRG19-797	050350//ag-G19-855	F20-128
068657	f	048886//agRG19-797	050350//ag-G19-855	F20-128
068658	f	048886//agRG19-797	050350//ag-G19-855	F20-128
068659	m	048189//bl-G19-798	050328//blLG19-854	F20-129
068660	m	048189//bl-G19-798	050328//blLG19-854	F20-129
068661	m	048189//bl-G19-798	050328//blLG19-854	F20-129
048288	m	032002//black	032239//black	F19-13
048289	m	032002//black	032239//black	F19-13
048290	m	032002//black	032239//black	F19-13
048291	m	032002//black	032239//black	F19-13
048292	m	032002//black	032239//black	F19-13
068662	m	048189//bl-G19-798	050328//blLG19-854	F20-130
068663	m	048189//bl-G19-798	050328//blLG19-854	F20-130
068664	f	048189//bl-G19-798	050328//blLG19-854	F20-131
068665	f	048189//bl-G19-798	050328//blLG19-854	F20-131
068666	f	048189//bl-G19-798	050327//bl-G19-854	F20-131
068667	f	048189//bl-G19-798	050327//bl-G19-854	F20-131
068668	f	048189//bl-G19-798	050327//bl-G19-854	F20-131
068669	m	048277//gr-G19-804	048849//be-G19-847	F20-132
068670	m	048277//gr-G19-804	048849//be-G19-847	F20-132
068671	f	048277//gr-G19-804	048849//be-G19-847	F20-133
068672	f	048277//gr-G19-804	048849//be-G19-847	F20-133
068673	f	048277//gr-G19-804	048849//be-G19-847	F20-133
068675	m	048299//agRG19-806	048827//ag-G19-845	F20-134
068678	m	048299//agRG19-806	048825//bl-G19-845	F20-134
068674	m	048299//agRG19-806	048827//ag-G19-845	F20-134
068676	m	048299//agRG19-806	048827//ag-G19-845	F20-135
068677	m	048299//agRG19-806	048827//ag-G19-845	F20-135
068680	m	048299//agRG19-806	048825//bl-G19-845	F20-136
068681	m	048299//agRG19-806	048825//bl-G19-845	F20-136
068679	m	048299//agRG19-806	048825//bl-G19-845	F20-136
068682	f	048299//agRG19-806	048825//bl-G19-845	F20-137
068683	f	048299//agRG19-806	048825//bl-G19-845	F20-137
068684	f	048299//agRG19-806	048825//bl-G19-845	F20-137
068685	f	048299//agRG19-806	048825//bl-G19-845	F20-137
068690	m	048305//blRG19-808	050282//wh-G19-841	F20-138
068692	m	048305//blRG19-808	050282//wh-G19-841	F20-138
068691	m	048305//blRG19-808	050282//wh-G19-841	F20-138
068693	m	048305//blRG19-808	050282//wh-G19-841	F20-139
068701	m	048305//blRG19-808	050283//ag-G19-841	F20-139
068702	m	048305//blRG19-808	050283//ag-G19-841	F20-139
048293	f	032002//black	032239//black	F19-14
048294	f	032002//black	032239//black	F19-14
048295	f	032002//black	032239//black	F19-14
068703	m	048305//blRG19-808	050283//ag-G19-841	F20-140
068704	m	048305//blRG19-808	050283//ag-G19-841	F20-140
068705	m	048305//blRG19-808	050283//ag-G19-841	F20-140
068694	f	048305//blRG19-808	050282//wh-G19-841	F20-141
068695	f	048305//blRG19-808	050282//wh-G19-841	F20-141
068696	f	048305//blRG19-808	050282//wh-G19-841	F20-141
068697	f	048305//blRG19-808	050282//wh-G19-841	F20-141
068698	f	048305//blRG19-808	050282//wh-G19-841	F20-141
068699	f	048305//blRG19-808	050282//wh-G19-841	F20-142
068700	f	048305//blRG19-808	050282//wh-G19-841	F20-142
068706	f	048305//blRG19-808	050283//ag-G19-841	F20-142
068707	f	048305//blRG19-808	050283//ag-G19-841	F20-142
068708	f	048305//blRG19-808	050283//ag-G19-841	F20-142
068709	f	048305//blRG19-808	050283//ag-G19-841	F20-143
068710	f	048305//blRG19-808	050283//ag-G19-841	F20-143
068711	f	048305//blRG19-808	050283//ag-G19-841	F20-143
068712	f	048305//blRG19-808	050283//ag-G19-841	F20-143
068713	m	048312//ag-G19-809	048768//blLG19-840	F20-144
068714	m	048312//ag-G19-809	048768//blLG19-840	F20-144
068715	m	048312//ag-G19-809	048768//blLG19-840	F20-144
068716	m	048312//ag-G19-809	048768//blLG19-840	F20-145
068717	m	048312//ag-G19-809	048768//blLG19-840	F20-145
068718	m	048312//ag-G19-809	048768//blLG19-840	F20-145
068721	m	048312//ag-G19-809	048769//blRG19-840	F20-146
068722	m	048312//ag-G19-809	048769//blRG19-840	F20-146
068723	m	048312//ag-G19-809	048769//blRG19-840	F20-146
068719	f	048312//ag-G19-809	048768//blLG19-840	F20-147
068720	f	048312//ag-G19-809	048768//blLG19-840	F20-147
068724	f	048312//ag-G19-809	048769//blRG19-840	F20-147
068725	m	048329//bl-G19-811	048721//grRG19-837	F20-148
068726	m	048329//bl-G19-811	048721//grRG19-837	F20-148
068727	m	048329//bl-G19-811	048721//grRG19-837	F20-149
068728	m	048329//bl-G19-811	048721//grRG19-837	F20-149
048306	m	032121//blackL	032263//black	F19-15
048307	m	032121//blackL	032263//black	F19-15
068729	f	048329//bl-G19-811	048721//grRG19-837	F20-150
068730	f	048329//bl-G19-811	048721//grRG19-837	F20-150
068731	f	048329//bl-G19-811	048721//grRG19-837	F20-150
068732	f	048329//bl-G19-811	048721//grRG19-837	F20-150
068733	m	048346//gr-G19-812	048707//blRG19-834	F20-151
068734	m	048346//gr-G19-812	048707//blRG19-834	F20-151
068735	f	048346//gr-G19-812	048707//blRG19-834	F20-152
068739	f	048382//bl-G19-815	048672//bl-G19-832	F20-152
068740	f	048382//bl-G19-815	048672//bl-G19-832	F20-152
068741	f	048382//bl-G19-815	048672//bl-G19-832	F20-152
068742	f	048382//bl-G19-815	048672//bl-G19-832	F20-152
068737	m	048382//bl-G19-815	048672//bl-G19-832	F20-153
068738	m	048382//bl-G19-815	048672//bl-G19-832	F20-153
068748	m	050252//be-G19-816	048665//ag-G19-831	F20-154
068749	m	050252//be-G19-816	048665//ag-G19-831	F20-154
068750	f	050252//be-G19-816	048665//ag-G19-831	F20-155
068751	f	050252//be-G19-816	048665//ag-G19-831	F20-155
068752	f	050252//be-G19-816	048665//ag-G19-831	F20-155
068753	f	050252//be-G19-816	048665//ag-G19-831	F20-155
068754	f	050252//be-G19-816	048665//ag-G19-831	F20-155
068758	m	048386//bl-G19-818	048617//bl-G19-829	F20-156
068759	m	048386//bl-G19-818	048617//bl-G19-829	F20-156
068760	m	048386//bl-G19-818	048617//bl-G19-829	F20-156
068762	m	048386//bl-G19-818	048617//bl-G19-829	F20-157
068763	m	048386//bl-G19-818	048617//bl-G19-829	F20-157
068761	m	048386//bl-G19-818	048617//bl-G19-829	F20-157
068764	f	048386//bl-G19-818	048617//bl-G19-829	F20-158
068765	f	048386//bl-G19-818	048617//bl-G19-829	F20-158
068776	f	048450//bl-G19-820	048563//blLRG19-827	F20-158
068777	f	048450//bl-G19-820	048563//blLRG19-827	F20-158
068766	m	048450//bl-G19-820	048563//blLRG19-827	F20-159
068767	m	048450//bl-G19-820	048563//blLRG19-827	F20-159
068768	m	048450//bl-G19-820	048563//blLRG19-827	F20-159
048310	f	032121//blackL	032263//black	F19-16
048311	f	032121//blackL	032263//black	F19-16
048318	f	032148//agoutiL	032188//agoutiL	F19-16
048319	f	032148//agoutiL	032188//agoutiL	F19-16
068769	m	048450//bl-G19-820	048563//blLRG19-827	F20-160
068770	m	048450//bl-G19-820	048563//blLRG19-827	F20-160
068771	m	048450//bl-G19-820	048563//blLRG19-827	F20-160
068772	m	048450//bl-G19-820	048563//blLRG19-827	F20-161
068773	m	048450//bl-G19-820	048563//blLRG19-827	F20-161
068774	m	048450//bl-G19-820	048563//blLRG19-827	F20-162
068775	m	048450//bl-G19-820	048563//blLRG19-827	F20-162
068797	m	048479//beLG19-822	048511//ag-G19-824	F20-163
068798	m	048479//beLG19-822	048511//ag-G19-824	F20-163
068799	m	048479//beLG19-822	048511//ag-G19-824	F20-164
068800	m	048479//beLG19-822	048511//ag-G19-824	F20-164
068801	f	048479//beLG19-822	048511//ag-G19-824	F20-165
068802	f	048479//beLG19-822	048511//ag-G19-824	F20-165
068803	f	048479//beLG19-822	048511//ag-G19-824	F20-165
068804	f	048479//beLG19-822	048511//ag-G19-824	F20-165
069195	m	048681//blRG19-833	050247//blLRG19-814	F20-166
069197	m	048681//blRG19-833	050247//blLRG19-814	F20-166
069198	m	048681//blRG19-833	050247//blLRG19-814	F20-166
069199	m	048681//blRG19-833	050247//blLRG19-814	F20-167
069200	m	048681//blRG19-833	050247//blLRG19-814	F20-167
069201	f	048681//blRG19-833	050247//blLRG19-814	F20-168
069202	f	048681//blRG19-833	050247//blLRG19-814	F20-168
069203	f	048681//blRG19-833	050247//blLRG19-814	F20-168
069204	f	048681//blRG19-833	050247//blLRG19-814	F20-168
069205	f	048681//blRG19-833	050247//blLRG19-814	F20-168
069196	f	048681//blRG19-833	050247//blLRG19-814	F20-169
069206	f	048681//blRG19-833	050247//blLRG19-814	F20-169
069207	f	048681//blRG19-833	050247//blLRG19-814	F20-169
069208	f	048681//blRG19-833	050247//blLRG19-814	F20-169
048330	m	032198//black	032320//blackR	F19-17
048331	m	032198//black	032320//blackR	F19-17
048332	m	032198//black	032320//blackR	F19-17
048333	m	032198//black	032320//blackR	F19-17
048334	m	032198//black	032320//blackR	F19-17
048335	m	032198//black	032320//blackR	F19-17
069209	f	048959//ag-G19-839	050242//blRG19-810	F20-170
069210	f	048959//ag-G19-839	050242//blRG19-810	F20-170
069211	f	048959//ag-G19-839	050242//blRG19-810	F20-170
069212	f	048959//ag-G19-839	050242//blRG19-810	F20-170
069219	m	050258//blLG19-848	048301//agLG19-806	F20-171
069220	m	050258//blLG19-848	048301//agLG19-806	F20-171
069218	m	050258//blLG19-848	048301//agLG19-806	F20-171
069228	m	050258//blLG19-848	048302//bl-G19-806	F20-172
069229	m	050258//blLG19-848	048302//bl-G19-806	F20-172
069230	m	050258//blLG19-848	048302//bl-G19-806	F20-172
069231	m	050258//blLG19-848	048302//bl-G19-806	F20-173
069232	m	050258//blLG19-848	048302//bl-G19-806	F20-173
069233	m	050258//blLG19-848	048302//bl-G19-806	F20-173
069221	f	050258//blLG19-848	048301//agLG19-806	F20-174
069222	f	050258//blLG19-848	048301//agLG19-806	F20-174
069223	f	050258//blLG19-848	048301//agLG19-806	F20-174
069224	f	050258//blLG19-848	048301//agLG19-806	F20-174
069225	f	050258//blLG19-848	048301//agLG19-806	F20-174
069226	f	050258//blLG19-848	048301//agLG19-806	F20-174
069227	f	050258//blLG19-848	048301//agLG19-806	F20-175
069234	f	050258//blLG19-848	048302//bl-G19-806	F20-175
069235	f	050258//blLG19-848	048302//bl-G19-806	F20-175
069236	f	050258//blLG19-848	048302//bl-G19-806	F20-175
069237	f	050258//blLG19-848	048302//bl-G19-806	F20-175
069272	f	050368//bl-G19-856	048220//gr-G19-800	F20-175
069273	f	050368//bl-G19-856	048220//gr-G19-800	F20-175
069274	f	050368//bl-G19-856	048220//gr-G19-800	F20-175
069264	m	050368//bl-G19-856	048220//gr-G19-800	F20-176
069265	m	050368//bl-G19-856	048220//gr-G19-800	F20-176
069266	m	050368//bl-G19-856	048220//gr-G19-800	F20-177
069267	m	050368//bl-G19-856	048220//gr-G19-800	F20-177
069268	f	050368//bl-G19-856	048220//gr-G19-800	F20-178
069269	f	050368//bl-G19-856	048220//gr-G19-800	F20-178
069270	f	050368//bl-G19-856	048220//gr-G19-800	F20-178
069271	f	050368//bl-G19-856	048220//gr-G19-800	F20-178
048336	f	032198//black	032320//blackR	F19-18
048337	f	032198//black	032320//blackR	F19-18
048338	f	032198//black	032320//blackR	F19-18
048339	f	032198//black	032320//blackR	F19-18
048340	f	032198//black	032320//blackR	F19-18
069292	m	048323//ag-G19-811	048834//blLG19-846	F20-180
069293	m	048323//ag-G19-811	048834//blLG19-846	F20-180
069294	m	048323//ag-G19-811	048834//blLG19-846	F20-180
069295	m	048323//ag-G19-811	048834//blLG19-846	F20-181
069296	m	048323//ag-G19-811	048834//blLG19-846	F20-181
069297	m	048323//ag-G19-811	048834//blLG19-846	F20-181
069298	m	048323//ag-G19-811	048834//blLG19-846	F20-182
069307	m	048323//ag-G19-811	048833//bl-G19-846	F20-182
069308	m	048323//ag-G19-811	048833//bl-G19-846	F20-182
069299	f	048323//ag-G19-811	048834//blLG19-846	F20-183
069300	f	048323//ag-G19-811	048834//blLG19-846	F20-183
069301	f	048323//ag-G19-811	048834//blLG19-846	F20-183
069302	f	048323//ag-G19-811	048834//blLG19-846	F20-183
069303	f	048323//ag-G19-811	048834//blLG19-846	F20-183
069304	f	048323//ag-G19-811	048834//blLG19-846	F20-183
069305	f	048323//ag-G19-811	048834//blLG19-846	F20-184
069309	f	048323//ag-G19-811	048833//bl-G19-846	F20-184
069310	f	048323//ag-G19-811	048833//bl-G19-846	F20-184
069311	f	048323//ag-G19-811	048833//bl-G19-846	F20-184
069312	f	048323//ag-G19-811	048833//bl-G19-846	F20-184
069314	m	050244//ag-G19-814	048828//agLG19-845	F20-185
069315	m	050244//ag-G19-814	048828//agLG19-845	F20-185
069316	m	050244//ag-G19-814	048828//agLG19-845	F20-185
069317	m	050244//ag-G19-814	048828//agLG19-845	F20-186
069318	m	050244//ag-G19-814	048828//agLG19-845	F20-186
069319	m	050244//ag-G19-814	048828//agLG19-845	F20-186
069320	f	050244//ag-G19-814	048828//agLG19-845	F20-187
069321	f	050244//ag-G19-814	048828//agLG19-845	F20-187
069322	f	050244//ag-G19-814	048828//agLG19-845	F20-187
069323	f	050244//ag-G19-814	048828//agLG19-845	F20-187
069324	f	050244//ag-G19-814	048828//agLG19-845	F20-188
069325	f	050244//ag-G19-814	048828//agLG19-845	F20-188
069326	f	050244//ag-G19-814	048828//agLG19-845	F20-188
069329	m	048372//blLG19-815	048685//blRG19-833	F20-189
069330	m	048372//blLG19-815	048685//blRG19-833	F20-189
069331	m	048372//blLG19-815	048685//blRG19-833	F20-189
048341	f	032198//black	032320//blackR	F19-19
048342	f	032198//black	032320//blackR	F19-19
048343	f	032198//black	032320//blackR	F19-19
048344	f	032198//black	032320//blackR	F19-19
048345	f	032198//black	032320//blackR	F19-19
069332	m	048372//blLG19-815	048685//blRG19-833	F20-190
069340	m	048372//blLG19-815	048686//blLRG19-833	F20-190
069341	m	048372//blLG19-815	048686//blLRG19-833	F20-190
069342	m	048372//blLG19-815	048686//blLRG19-833	F20-191
069343	m	048372//blLG19-815	048686//blLRG19-833	F20-191
069333	f	048372//blLG19-815	048685//blRG19-833	F20-192
069334	f	048372//blLG19-815	048685//blRG19-833	F20-192
069335	f	048372//blLG19-815	048685//blRG19-833	F20-192
069336	f	048372//blLG19-815	048685//blRG19-833	F20-192
069337	f	048372//blLG19-815	048685//blRG19-833	F20-192
069338	f	048372//blLG19-815	048685//blRG19-833	F20-193
069344	f	048372//blLG19-815	048686//blLRG19-833	F20-193
069345	f	048372//blLG19-815	048686//blLRG19-833	F20-193
069346	f	048372//blLG19-815	048686//blLRG19-833	F20-193
069347	m	048480//ag-G19-822	048381//gr-G19-815	F20-194
069348	m	048480//ag-G19-822	048381//gr-G19-815	F20-194
069349	m	048480//ag-G19-822	048381//gr-G19-815	F20-194
069350	m	048480//ag-G19-822	048381//gr-G19-815	F20-195
069351	m	048480//ag-G19-822	048381//gr-G19-815	F20-195
069352	m	048480//ag-G19-822	048381//gr-G19-815	F20-195
069353	m	048480//ag-G19-822	048381//gr-G19-815	F20-196
069354	m	048480//ag-G19-822	048381//gr-G19-815	F20-196
069355	m	048480//ag-G19-822	048381//gr-G19-815	F20-196
069356	f	048480//ag-G19-822	048381//gr-G19-815	F20-197
069357	f	048480//ag-G19-822	048381//gr-G19-815	F20-197
069358	f	048480//ag-G19-822	048381//gr-G19-815	F20-197
069359	f	048480//ag-G19-822	048381//gr-G19-815	F20-197
069360	f	048480//ag-G19-822	048381//gr-G19-815	F20-197
069361	f	048480//ag-G19-822	048381//gr-G19-815	F20-198
069362	f	048480//ag-G19-822	048381//gr-G19-815	F20-198
069363	f	048480//ag-G19-822	048381//gr-G19-815	F20-198
069364	f	048480//ag-G19-822	048381//gr-G19-815	F20-198
069365	f	048480//ag-G19-822	048381//gr-G19-815	F20-198
069368	m	050280//ag-G19-841	048889//agLG19-797	F20-199
069369	m	050280//ag-G19-841	048889//agLG19-797	F20-199
048198	f	031939//agoutiL	032156//greyL	F19-2
048203	f	031939//agoutiL	032155//grey	F19-2
048204	f	031939//agoutiL	032155//grey	F19-2
048205	f	031939//agoutiL	032155//grey	F19-2
048206	f	031939//agoutiL	032155//grey	F19-2
048356	m	035086//agoutiL	032375//black	F19-20
048357	m	035086//agoutiL	032375//black	F19-20
048358	m	035086//agoutiL	032375//black	F19-20
048359	m	035086//agoutiL	032375//black	F19-20
069370	f	050280//ag-G19-841	048889//agLG19-797	F20-200
069371	f	050280//ag-G19-841	048889//agLG19-797	F20-200
069372	f	050280//ag-G19-841	048889//agLG19-797	F20-200
069373	f	050280//ag-G19-841	048889//agLG19-797	F20-200
069374	f	050280//ag-G19-841	048889//agLG19-797	F20-200
069375	f	050280//ag-G19-841	048889//agLG19-797	F20-200
069386	m	048209//bl-G19-799	050311//blRG19-853	F20-201
069387	m	048209//bl-G19-799	050311//blRG19-853	F20-201
069385	m	048209//bl-G19-799	050311//blRG19-853	F20-201
069388	m	048209//bl-G19-799	050311//blRG19-853	F20-202
069389	m	048209//bl-G19-799	050311//blRG19-853	F20-202
069390	f	048209//bl-G19-799	050311//blRG19-853	F20-203
069391	f	048209//bl-G19-799	050311//blRG19-853	F20-203
069392	f	048209//bl-G19-799	050311//blRG19-853	F20-203
069393	f	048209//bl-G19-799	050311//blRG19-853	F20-203
069394	f	048209//bl-G19-799	050311//blRG19-853	F20-203
069395	f	048209//bl-G19-799	050311//blRG19-853	F20-204
069396	f	048209//bl-G19-799	050311//blRG19-853	F20-204
069397	f	048209//bl-G19-799	050311//blRG19-853	F20-204
069398	f	048209//bl-G19-799	050311//blRG19-853	F20-204
069416	m	048243//w-G19-802	050291//gr-G19-849	F20-205
069418	m	048243//w-G19-802	050291//gr-G19-849	F20-205
069417	m	048243//w-G19-802	050291//gr-G19-849	F20-205
069419	f	048243//w-G19-802	050291//gr-G19-849	F20-206
069420	f	048243//w-G19-802	050291//gr-G19-849	F20-206
069421	f	048243//w-G19-802	050291//gr-G19-849	F20-206
069422	f	048243//w-G19-802	050291//gr-G19-849	F20-206
069423	f	048243//w-G19-802	050291//gr-G19-849	F20-206
069428	m	050211//bl-G19-805	048835//blRG19-846	F20-207
069434	m	050238//bl-G19-810	048746//agLG19-838	F20-207
069429	f	050211//bl-G19-805	048835//blRG19-846	F20-208
069438	f	050238//bl-G19-810	048746//agLG19-838	F20-208
069439	f	050238//bl-G19-810	048746//agLG19-838	F20-208
069440	f	050238//bl-G19-810	048746//agLG19-838	F20-208
069435	m	050238//bl-G19-810	048746//agLG19-838	F20-209
069436	m	050238//bl-G19-810	048746//agLG19-838	F20-209
069437	m	050238//bl-G19-810	048746//agLG19-838	F20-209
048360	f	035086//agoutiL	032375//black	F19-21
048361	f	035086//agoutiL	032375//black	F19-21
048362	f	035086//agoutiL	032375//black	F19-21
048363	f	035086//agoutiL	032375//black	F19-21
048364	f	035086//agoutiL	032375//black	F19-21
048365	f	035086//agoutiL	032375//black	F19-21
069451	m	050238//bl-G19-810	048745//ag-G19-838	F20-210
069452	m	050238//bl-G19-810	048745//ag-G19-838	F20-210
069453	m	050238//bl-G19-810	048745//ag-G19-838	F20-210
069454	m	050238//bl-G19-810	048745//ag-G19-838	F20-211
069455	m	050238//bl-G19-810	048745//ag-G19-838	F20-211
069456	m	050238//bl-G19-810	048745//ag-G19-838	F20-211
069457	m	050238//bl-G19-810	048745//ag-G19-838	F20-212
069458	m	050238//bl-G19-810	048745//ag-G19-838	F20-212
069459	m	050238//bl-G19-810	048745//ag-G19-838	F20-212
069460	f	050238//bl-G19-810	048745//ag-G19-838	F20-213
069461	f	050238//bl-G19-810	048745//ag-G19-838	F20-213
069462	f	050238//bl-G19-810	048745//ag-G19-838	F20-213
069463	f	050238//bl-G19-810	048745//ag-G19-838	F20-213
069464	f	050238//bl-G19-810	048745//ag-G19-838	F20-213
069475	m	048437//be-G19-819	048584//ag-G19-828	F20-214
069476	m	048437//be-G19-819	048584//ag-G19-828	F20-214
069482	m	048437//be-G19-819	048583//gr-G19-828	F20-214
069483	m	048437//be-G19-819	048583//gr-G19-828	F20-215
069484	m	048437//be-G19-819	048583//gr-G19-828	F20-215
069485	m	048437//be-G19-819	048583//gr-G19-828	F20-215
069516	m	048580//bl-G19-828	048441//beLG19-819	F20-216
069486	m	048437//be-G19-819	048583//gr-G19-828	F20-216
069477	f	048437//be-G19-819	048584//ag-G19-828	F20-217
069478	f	048437//be-G19-819	048584//ag-G19-828	F20-217
069479	f	048437//be-G19-819	048584//ag-G19-828	F20-217
069480	f	048437//be-G19-819	048584//ag-G19-828	F20-217
069481	f	048437//be-G19-819	048584//ag-G19-828	F20-217
069487	f	048437//be-G19-819	048583//gr-G19-828	F20-217
069488	f	048437//be-G19-819	048583//gr-G19-828	F20-218
069489	f	048437//be-G19-819	048583//gr-G19-828	F20-218
069490	f	048437//be-G19-819	048583//gr-G19-828	F20-218
069491	f	048437//be-G19-819	048583//gr-G19-828	F20-218
069492	f	048437//be-G19-819	048583//gr-G19-828	F20-218
069493	f	048437//be-G19-819	048583//gr-G19-828	F20-218
069517	m	048580//bl-G19-828	048441//beLG19-819	F20-219
069518	m	048580//bl-G19-828	048441//beLG19-819	F20-219
069519	m	048580//bl-G19-828	048441//beLG19-819	F20-219
048366	f	035086//agoutiL	032375//black	F19-22
048367	f	035086//agoutiL	032375//black	F19-22
048368	f	035086//agoutiL	032375//black	F19-22
048369	f	035086//agoutiL	032375//black	F19-22
069520	f	048580//bl-G19-828	048441//beLG19-819	F20-220
069535	f	048634//bl-G19-830	048966//agLG19-817	F20-220
069536	f	048634//bl-G19-830	048966//agLG19-817	F20-220
069537	f	048634//bl-G19-830	048966//agLG19-817	F20-220
069521	m	048609//gr-G19-829	048385//ag-G19-818	F20-221
069522	m	048609//gr-G19-829	048385//ag-G19-818	F20-221
069523	m	048634//bl-G19-830	048965//ag-G19-817	F20-222
069524	m	048634//bl-G19-830	048965//ag-G19-817	F20-222
069525	m	048634//bl-G19-830	048965//ag-G19-817	F20-222
069526	m	048634//bl-G19-830	048965//ag-G19-817	F20-223
069533	m	048634//bl-G19-830	048966//agLG19-817	F20-223
069534	m	048634//bl-G19-830	048966//agLG19-817	F20-223
069527	f	048634//bl-G19-830	048965//ag-G19-817	F20-224
069528	f	048634//bl-G19-830	048965//ag-G19-817	F20-224
069529	f	048634//bl-G19-830	048965//ag-G19-817	F20-224
069530	f	048634//bl-G19-830	048965//ag-G19-817	F20-224
069531	f	048634//bl-G19-830	048965//ag-G19-817	F20-224
070081	m	048959//ag-G19-839	050240//bl-G19-810	F20-225
070085	m	050368//bl-G19-856	048221//agLG19-800	F20-225
070082	f	048959//ag-G19-839	050240//bl-G19-810	F20-226
070083	f	048959//ag-G19-839	050240//bl-G19-810	F20-226
070084	f	048959//ag-G19-839	050240//bl-G19-810	F20-226
070086	m	050368//bl-G19-856	048221//agLG19-800	F20-227
070087	m	050368//bl-G19-856	048221//agLG19-800	F20-227
070088	m	050368//bl-G19-856	048221//agLG19-800	F20-227
070089	f	050368//bl-G19-856	048221//agLG19-800	F20-228
070090	f	050368//bl-G19-856	048221//agLG19-800	F20-228
070091	f	050368//bl-G19-856	048221//agLG19-800	F20-228
070092	f	050368//bl-G19-856	048221//agLG19-800	F20-228
070099	f	048242//gr-G19-802	048197//bl-G19-798	F20-228
070093	m	048242//gr-G19-802	048197//bl-G19-798	F20-229
070094	m	048242//gr-G19-802	048197//bl-G19-798	F20-229
070095	m	048242//gr-G19-802	048197//bl-G19-798	F20-229
048374	f	033586//white	032351//greyR	F19-23
048375	f	033586//white	032351//greyR	F19-23
048376	f	033586//white	032351//greyR	F19-23
048377	f	033586//white	032351//greyR	F19-23
048378	f	033586//white	032351//greyR	F19-23
048379	f	033586//white	032351//greyR	F19-23
070096	m	048242//gr-G19-802	048197//bl-G19-798	F20-230
070097	m	048242//gr-G19-802	048197//bl-G19-798	F20-230
070098	m	048242//gr-G19-802	048197//bl-G19-798	F20-230
070100	m	048243//w-G19-802	050293//bl-G19-849	F20-231
070101	m	048243//w-G19-802	050293//bl-G19-849	F20-231
070102	m	048243//w-G19-802	050293//bl-G19-849	F20-231
070103	f	048243//w-G19-802	050293//bl-G19-849	F20-232
070104	f	048243//w-G19-802	050293//bl-G19-849	F20-232
070105	f	048243//w-G19-802	050293//bl-G19-849	F20-232
070106	f	048243//w-G19-802	050293//bl-G19-849	F20-232
070351	m	048263//bl-G19-803	050264//blRG19-848	F20-233
070384	m	050281//bl-G19-841	048316//ag-G19-809	F20-233
070385	m	050281//bl-G19-841	048316//ag-G19-809	F20-233
070352	f	048263//bl-G19-803	050264//blRG19-848	F20-234
070353	f	048263//bl-G19-803	050264//blRG19-848	F20-234
070358	f	048277//gr-G19-804	048849//be-G19-847	F20-234
070359	f	048277//gr-G19-804	048849//be-G19-847	F20-234
070374	f	050226//be-G19-807	048797//brLG19-843	F20-234
070354	m	048277//gr-G19-804	048849//be-G19-847	F20-235
070355	m	048277//gr-G19-804	048849//be-G19-847	F20-235
070356	m	048277//gr-G19-804	048849//be-G19-847	F20-236
070357	m	048277//gr-G19-804	048849//be-G19-847	F20-236
070369	m	050226//be-G19-807	048797//brLG19-843	F20-237
070370	m	050226//be-G19-807	048797//brLG19-843	F20-237
070371	m	050226//be-G19-807	048797//brLG19-843	F20-237
070372	m	050226//be-G19-807	048797//brLG19-843	F20-238
070373	m	050226//be-G19-807	048797//brLG19-843	F20-238
070375	m	048466//ag-G19-821	048530//gr-G19-825	F20-239
070376	m	048466//ag-G19-821	048530//gr-G19-825	F20-239
048438	m	032178//agoutiL	032419//beigeL	F19-24
048439	m	032178//agoutiL	032419//beigeL	F19-24
048867	m	031883//greyL	032374//agoutiLL	F19-24
048868	m	031883//greyL	032374//agoutiLL	F19-24
048869	m	031883//greyL	032374//agoutiLL	F19-24
048870	m	031883//greyL	032374//agoutiLL	F19-24
070377	f	048466//ag-G19-821	048530//gr-G19-825	F20-240
070386	f	050281//bl-G19-841	048316//ag-G19-809	F20-240
071172	f	050211//bl-G19-805	048835//blRG19-846	F20-240
071173	f	050211//bl-G19-805	048835//blRG19-846	F20-240
071159	m	048351//be-G19-814	048683//bl-G19-833	F20-241
071161	m	048346//gr-G19-812	048707//blRG19-834	F20-241
071191	m	050252//be-G19-816	048665//ag-G19-831	F20-241
071160	f	048351//be-G19-814	048683//bl-G19-833	F20-242
071165	f	048346//gr-G19-812	048707//blRG19-834	F20-242
071166	f	048346//gr-G19-812	048707//blRG19-834	F20-242
071167	f	048346//gr-G19-812	048707//blRG19-834	F20-242
071162	m	048346//gr-G19-812	048707//blRG19-834	F20-243
071163	m	048346//gr-G19-812	048707//blRG19-834	F20-243
071164	m	048346//gr-G19-812	048707//blRG19-834	F20-243
071168	m	050211//bl-G19-805	048835//blRG19-846	F20-244
071169	m	050211//bl-G19-805	048835//blRG19-846	F20-244
071170	m	050211//bl-G19-805	048835//blRG19-846	F20-244
071171	m	050211//bl-G19-805	048835//blRG19-846	F20-245
071174	m	050226//be-G19-807	048798//brRG19-843	F20-245
071175	m	050226//be-G19-807	048798//brRG19-843	F20-245
071176	f	050226//be-G19-807	048798//brRG19-843	F20-246
071177	f	050226//be-G19-807	048798//brRG19-843	F20-246
071178	f	050226//be-G19-807	048798//brRG19-843	F20-246
071179	f	050226//be-G19-807	048798//brRG19-843	F20-246
071180	f	050226//be-G19-807	048798//brRG19-843	F20-246
071181	m	048329//bl-G19-811	048721//grRG19-837	F20-247
071217	m	048479//beLG19-822	048511//ag-G19-824	F20-247
071182	f	048329//bl-G19-811	048721//grRG19-837	F20-248
071183	f	048329//bl-G19-811	048721//grRG19-837	F20-248
071184	f	048329//bl-G19-811	048721//grRG19-837	F20-248
071185	f	048329//bl-G19-811	048721//grRG19-837	F20-248
071186	m	048479//beLG19-822	048511//ag-G19-824	F20-249
071187	m	048479//beLG19-822	048511//ag-G19-824	F20-249
048444	f	032178//agoutiL	032419//beigeL	F19-25
048445	f	032178//agoutiL	032419//beigeL	F19-25
048446	f	032178//agoutiL	032419//beigeL	F19-25
048447	f	032178//agoutiL	032419//beigeL	F19-25
048448	f	032178//agoutiL	032419//beigeL	F19-25
071188	f	048479//beLG19-822	048511//ag-G19-824	F20-250
071189	f	048479//beLG19-822	048511//ag-G19-824	F20-250
071190	f	048479//beLG19-822	048511//ag-G19-824	F20-250
071269	f	050308//agRG19-853	048284//blRG19-804	F20-250
071270	f	050308//agRG19-853	048284//blRG19-804	F20-250
071271	f	050308//agRG19-853	048284//blRG19-804	F20-250
071192	f	050252//be-G19-816	048665//ag-G19-831	F20-251
071193	f	050252//be-G19-816	048665//ag-G19-831	F20-251
071194	f	050252//be-G19-816	048665//ag-G19-831	F20-251
071195	f	050252//be-G19-816	048665//ag-G19-831	F20-251
071196	f	050252//be-G19-816	048665//ag-G19-831	F20-251
071228	m	048299//agRG19-806	048827//ag-G19-845	F20-252
071229	m	048299//agRG19-806	048827//ag-G19-845	F20-252
071230	m	048299//agRG19-806	048827//ag-G19-845	F20-252
071231	f	048299//agRG19-806	048827//ag-G19-845	F20-253
071232	f	048299//agRG19-806	048827//ag-G19-845	F20-253
071233	f	048299//agRG19-806	048827//ag-G19-845	F20-253
071234	f	048299//agRG19-806	048827//ag-G19-845	F20-253
071235	f	048299//agRG19-806	048827//ag-G19-845	F20-253
071247	m	048299//agRG19-806	048825//bl-G19-845	F20-254
071248	m	048299//agRG19-806	048825//bl-G19-845	F20-254
071249	m	048299//agRG19-806	048825//bl-G19-845	F20-254
071250	f	048299//agRG19-806	048825//bl-G19-845	F20-255
071251	f	048299//agRG19-806	048825//bl-G19-845	F20-255
071252	f	048299//agRG19-806	048825//bl-G19-845	F20-255
071253	f	048299//agRG19-806	048825//bl-G19-845	F20-255
071254	f	048299//agRG19-806	048825//bl-G19-845	F20-256
071255	f	048299//agRG19-806	048825//bl-G19-845	F20-256
071256	f	048299//agRG19-806	048825//bl-G19-845	F20-256
071278	f	048243//w-G19-802	050291//gr-G19-849	F20-256
071272	f	050308//agRG19-853	048284//blRG19-804	F20-257
071273	f	050308//agRG19-853	048284//blRG19-804	F20-257
071274	f	050308//agRG19-853	048284//blRG19-804	F20-257
071275	f	050308//agRG19-853	048284//blRG19-804	F20-257
071276	m	048243//w-G19-802	050291//gr-G19-849	F20-258
071277	m	048243//w-G19-802	050291//gr-G19-849	F20-258
071279	m	050238//bl-G19-810	048746//agLG19-838	F20-258
071280	f	050238//bl-G19-810	048746//agLG19-838	F20-259
071281	f	050238//bl-G19-810	048746//agLG19-838	F20-259
071282	f	050238//bl-G19-810	048746//agLG19-838	F20-259
071283	f	050238//bl-G19-810	048746//agLG19-838	F20-259
071284	f	050238//bl-G19-810	048746//agLG19-838	F20-259
071285	f	050238//bl-G19-810	048746//agLG19-838	F20-259
048452	m	032296//black	031868//brown	F19-26
048453	m	032296//black	031868//brown	F19-26
071286	f	048450//bl-G19-820	048563//blLRG19-827	F20-260
071287	f	048450//bl-G19-820	048563//blLRG19-827	F20-260
071288	f	048450//bl-G19-820	048563//blLRG19-827	F20-260
071289	f	048450//bl-G19-820	048563//blLRG19-827	F20-260
071290	f	048450//bl-G19-820	048563//blLRG19-827	F20-260
071291	f	048450//bl-G19-820	048563//blLRG19-827	F20-261
071292	f	048450//bl-G19-820	048563//blLRG19-827	F20-261
071293	f	048450//bl-G19-820	048563//blLRG19-827	F20-261
071294	f	048450//bl-G19-820	048563//blLRG19-827	F20-261
071295	f	048450//bl-G19-820	048563//blLRG19-827	F20-261
071296	m	048450//bl-G19-820	048564//blLLG19-827	F20-262
071297	m	048450//bl-G19-820	048564//blLLG19-827	F20-262
071298	m	048450//bl-G19-820	048564//blLLG19-827	F20-262
071299	m	048450//bl-G19-820	048564//blLLG19-827	F20-263
071304	m	050281//bl-G19-841	048317//agLG19-809	F20-263
071305	m	050281//bl-G19-841	048317//agLG19-809	F20-263
071300	f	048450//bl-G19-820	048564//blLLG19-827	F20-264
071301	f	048450//bl-G19-820	048564//blLLG19-827	F20-264
071302	f	048450//bl-G19-820	048564//blLLG19-827	F20-264
071303	f	048450//bl-G19-820	048564//blLLG19-827	F20-264
071306	f	050281//bl-G19-841	048317//agLG19-809	F20-264
048457	f	032296//black	031868//brown	F19-27
048458	f	032296//black	031868//brown	F19-27
048459	f	032296//black	031868//brown	F19-27
048475	f	032317//agoutiL	031877//grey	F19-27
048476	f	032317//agoutiL	031877//grey	F19-27
048467	m	032317//agoutiL	031880//black	F19-28
048472	m	032317//agoutiL	031877//grey	F19-28
048473	m	032317//agoutiL	031877//grey	F19-28
048474	m	032317//agoutiL	031877//grey	F19-28
048481	m	032324//agouti	031890//grey	F19-29
048482	m	032324//agouti	031890//grey	F19-29
048483	m	032324//agouti	031890//grey	F19-29
048484	m	032324//agouti	031890//grey	F19-29
048199	m	031939//agoutiL	032155//grey	F19-3
048200	m	031939//agoutiL	032155//grey	F19-3
048201	m	031939//agoutiL	032155//grey	F19-3
048202	m	031939//agoutiL	032155//grey	F19-3
048485	m	032324//agouti	031890//grey	F19-30
048486	m	032324//agouti	031890//grey	F19-30
048487	m	032324//agouti	031890//grey	F19-30
048490	m	032324//agouti	031891//white	F19-30
048491	m	032324//agouti	031891//white	F19-30
048492	f	032324//agouti	031891//white	F19-31
048493	f	032324//agouti	031891//white	F19-31
048494	f	032324//agouti	031891//white	F19-31
048499	m	032264//black	033839//black	F19-32
048500	m	032264//black	033839//black	F19-32
048504	f	032264//black	033839//black	F19-33
048505	f	032264//black	033839//black	F19-33
048506	f	032264//black	033839//black	F19-33
048510	m	032367//black	031917//greyR	F19-34
048516	m	032367//black	031918//agoutiL	F19-34
048517	m	032367//black	031918//agoutiL	F19-34
048518	m	032367//black	031918//agoutiL	F19-34
048519	m	032367//black	031918//agoutiL	F19-34
048520	m	032367//black	031918//agoutiL	F19-34
048514	f	032367//black	031917//greyR	F19-35
048515	f	032367//black	031917//greyR	F19-35
048521	f	032367//black	031918//agoutiL	F19-35
048522	f	032367//black	031918//agoutiL	F19-35
048527	m	032346//black	033045//beige	F19-36
048528	m	032346//black	033045//beige	F19-36
048529	m	032346//black	033045//beige	F19-36
048533	m	032346//black	033044//grey	F19-36
048534	m	032346//black	033044//grey	F19-37
048535	m	032346//black	033044//grey	F19-37
048536	m	032346//black	033044//grey	F19-37
048537	m	032346//black	033044//grey	F19-37
048538	f	032346//black	033044//grey	F19-38
048539	f	032346//black	033044//grey	F19-38
048540	f	032346//black	033044//grey	F19-38
048541	f	032346//black	033044//grey	F19-38
048542	f	032346//black	033044//grey	F19-38
048548	m	032383//blackL	031935//agouti	F19-39
048549	m	032383//blackL	031935//agouti	F19-39
048550	m	032383//blackL	031935//agouti	F19-39
048213	f	031949//greyL	032075//agouti	F19-4
048214	f	031949//greyL	032075//agouti	F19-4
048223	f	031979//black	032176//agouti	F19-4
048224	f	031979//black	032176//agouti	F19-4
048225	f	031979//black	032176//agouti	F19-4
050181	f	031979//black	032174//black	F19-4
048559	m	033086//black	031947//agoutiLL	F19-40
048560	m	033086//black	031947//agoutiLL	F19-40
048561	m	033086//black	031947//agoutiLL	F19-40
048568	m	033086//black	031946//agoutiLR	F19-40
048565	f	033086//black	031947//agoutiLL	F19-41
048566	f	033086//black	031947//agoutiLL	F19-41
048567	f	033086//black	031947//agoutiLL	F19-41
048573	f	033086//black	031946//agoutiLR	F19-41
048574	f	033086//black	031946//agoutiLR	F19-41
048608	f	032332//blackR	031968//grey	F19-41
048569	m	033086//black	031946//agoutiLR	F19-42
048570	m	033086//black	031946//agoutiLR	F19-42
048571	m	033086//black	031946//agoutiLR	F19-42
048572	m	033086//black	031946//agoutiLR	F19-42
048585	f	032332//blackR	031965//whiteL	F19-43
048586	f	032332//blackR	031965//whiteL	F19-43
048604	f	032332//blackR	031968//grey	F19-43
048605	f	032332//blackR	031968//grey	F19-43
048606	f	032332//blackR	031968//grey	F19-43
048607	f	032332//blackR	031968//grey	F19-43
048600	m	032332//blackR	031968//grey	F19-44
048601	m	032332//blackR	031968//grey	F19-44
048602	m	032332//blackR	031968//grey	F19-44
048603	m	032332//blackR	031968//grey	F19-44
048611	m	032415//beige	031982//blackL	F19-45
048612	m	032415//beige	031982//blackL	F19-45
048613	m	032415//beige	031982//blackL	F19-45
048618	f	032415//beige	031982//blackL	F19-46
048619	f	032415//beige	031982//blackL	F19-46
048620	f	032415//beige	031982//blackL	F19-46
048621	f	032415//beige	031982//blackL	F19-46
048623	m	031857//beige	033852//agouti	F19-47
048624	m	031857//beige	033852//agouti	F19-47
048625	m	031857//beige	033852//agouti	F19-47
048626	m	031857//beige	033852//agouti	F19-47
048627	m	031857//beige	033852//agouti	F19-47
048628	f	031857//beige	033852//agouti	F19-48
048629	f	031857//beige	033852//agouti	F19-48
048630	f	031857//beige	033852//agouti	F19-48
048631	f	031857//beige	033852//agouti	F19-48
048660	m	031876//beige	031993//blackL	F19-49
048661	m	031876//beige	031993//blackL	F19-49
048662	m	031876//beige	031993//blackL	F19-49
048663	m	031876//beige	031993//blackL	F19-49
048217	m	031979//black	032176//agouti	F19-5
048218	m	031979//black	032176//agouti	F19-5
048219	m	031979//black	032176//agouti	F19-5
048669	m	031882//grey	032012//blackL	F19-50
048831	m	032382//black	032319//blackL	F19-50
048832	m	032382//black	032319//blackL	F19-50
048674	f	031882//grey	032012//blackL	F19-51
048675	f	031882//grey	032012//blackL	F19-51
048676	f	031882//grey	032012//blackL	F19-51
048821	f	033087//agouti	033041//agouti	F19-51
048824	f	033087//agouti	033040//black	F19-51
048682	m	033837//black	032052//greyR	F19-52
048688	m	033837//black	032053//greyLR	F19-52
048689	m	033837//black	032053//greyLR	F19-52
048690	m	033837//black	032053//greyLR	F19-52
048687	f	033837//black	032052//greyR	F19-53
048694	f	033837//black	032053//greyLR	F19-53
048695	f	033837//black	032053//greyLR	F19-53
048696	f	033837//black	032053//greyLR	F19-53
048691	m	033837//black	032053//greyLR	F19-54
048692	m	033837//black	032053//greyLR	F19-54
048693	m	033837//black	032053//greyLR	F19-54
048697	f	033837//black	032053//greyLR	F19-55
048698	f	033837//black	032053//greyLR	F19-55
048699	f	033837//black	032053//greyLR	F19-55
048723	f	031980//blackL	032130//blackL	F19-55
048724	f	031980//blackL	032130//blackL	F19-55
048702	m	031899//black	032070//black	F19-56
048703	m	031899//black	032070//black	F19-56
048704	m	031899//black	032070//black	F19-56
048711	m	031899//black	032073//blackLR	F19-56
048712	m	031899//black	032073//blackLR	F19-56
048713	m	031899//black	032073//blackLR	F19-56
048709	f	031899//black	032070//black	F19-57
048710	f	031899//black	032070//black	F19-57
048714	f	031899//black	032073//blackLR	F19-57
048715	f	031899//black	032073//blackLR	F19-57
048716	f	031899//black	032073//blackLR	F19-57
048725	m	031980//blackL	032129//black	F19-58
048726	m	031980//blackL	032129//black	F19-58
048727	m	031980//blackL	032129//black	F19-58
048728	m	031980//blackL	032129//black	F19-58
048729	m	031980//blackL	032129//black	F19-58
048730	f	031980//blackL	032129//black	F19-59
048731	f	031980//blackL	032129//black	F19-59
048732	f	031980//blackL	032129//black	F19-59
048733	f	031980//blackL	032129//black	F19-59
048734	f	031980//blackL	032129//black	F19-59
048735	f	031980//blackL	032129//black	F19-59
048230	m	031987//blackL	032192//grey	F19-6
048231	m	031987//blackL	032192//grey	F19-6
048232	m	031987//blackL	032192//grey	F19-6
048233	m	031987//blackL	032192//grey	F19-6
048234	m	031987//blackL	032192//grey	F19-6
048748	f	032033//blackL	032160//agoutiLR	F19-60
048749	f	032033//blackL	032160//agoutiLR	F19-60
048750	f	032033//blackL	032160//agoutiLR	F19-60
048770	f	032325//agoutiL	032388//beige	F19-60
048771	f	032325//agoutiL	032388//beige	F19-60
048777	f	032325//agoutiL	032393//whiteL	F19-60
048765	m	032325//agoutiL	032388//beige	F19-61
048772	m	032325//agoutiL	032393//whiteL	F19-61
048773	m	032325//agoutiL	032393//whiteL	F19-61
048774	m	032325//agoutiL	032393//whiteL	F19-61
048775	m	032325//agoutiL	032393//whiteL	F19-61
048776	m	032325//agoutiL	032393//whiteL	F19-61
048800	m	031874//black	031873//beige	F19-62
048801	m	031874//black	031873//beige	F19-62
048802	m	031874//black	031873//beige	F19-62
048803	m	031874//black	031873//beige	F19-62
048804	m	031874//black	031873//beige	F19-62
048805	f	031874//black	031873//beige	F19-63
048806	f	031874//black	031873//beige	F19-63
048807	f	031874//black	031873//beige	F19-63
048808	f	031874//black	031873//beige	F19-63
048809	f	031874//black	031873//beige	F19-63
048810	f	031874//black	031873//beige	F19-63
048813	m	033087//agouti	033041//agouti	F19-64
048814	m	033087//agouti	033041//agouti	F19-64
048815	m	033087//agouti	033041//agouti	F19-64
048816	m	033087//agouti	033041//agouti	F19-64
048817	f	033087//agouti	033041//agouti	F19-65
048818	f	033087//agouti	033041//agouti	F19-65
048819	f	033087//agouti	033041//agouti	F19-65
048820	f	033087//agouti	033041//agouti	F19-65
048822	f	033087//agouti	033040//black	F19-65
048823	f	033087//agouti	033040//black	F19-65
048837	f	032382//black	032319//blackL	F19-66
048838	f	032382//black	032319//blackL	F19-66
048839	f	032382//black	032319//blackL	F19-66
048840	f	032382//black	032319//blackL	F19-66
048852	f	031883//greyL	032371//agoutiL	F19-67
048853	f	031883//greyL	032371//agoutiL	F19-67
048854	f	031883//greyL	032371//agoutiL	F19-67
048855	f	031883//greyL	032371//agoutiL	F19-67
048871	f	031883//greyL	032374//agoutiLL	F19-67
048872	f	031883//greyL	032374//agoutiLL	F19-67
050180	m	031979//black	032174//black	F19-68
050203	m	032002//black	032241//blackR	F19-69
050204	m	032002//black	032241//blackR	F19-69
050205	m	032002//black	032241//blackR	F19-69
050207	m	032002//black	032241//blackR	F19-69
048239	f	031987//blackL	032192//grey	F19-7
048240	f	031987//blackL	032192//grey	F19-7
048241	f	031987//blackL	032192//grey	F19-7
048253	f	032015//black	032207//greyL	F19-7
048254	f	032015//black	032207//greyL	F19-7
050236	m	032162//blackL	032300//blackL	F19-70
050237	m	032162//blackL	032300//blackL	F19-70
050250	m	032225//black	032389//beigeL	F19-71
050251	m	032225//black	032389//beigeL	F19-71
050260	m	032296//black	032072//blackR	F19-72
050261	m	032296//black	032072//blackR	F19-72
050269	m	032296//black	032071//blackL	F19-72
050266	f	032296//black	032072//blackR	F19-73
050267	f	032296//black	032072//blackR	F19-73
050268	f	032296//black	032072//blackR	F19-73
050270	f	032296//black	032071//blackL	F19-73
050271	f	032296//black	032071//blackL	F19-73
050272	m	031882//grey	032011//black	F19-74
050273	m	031882//grey	032011//black	F19-74
050274	m	031882//grey	032011//black	F19-74
050275	m	031882//grey	032011//black	F19-74
050276	f	031882//grey	032011//black	F19-75
050277	f	031882//grey	032011//black	F19-75
050278	f	031882//grey	032011//black	F19-75
050312	f	031987//blackL	032390//agouti	F19-75
050313	f	031987//blackL	032390//agouti	F19-75
050314	f	031987//blackL	032390//agouti	F19-75
050329	m	032178//agoutiL	033088//black	F19-76
050330	m	032178//agoutiL	033088//black	F19-76
050331	m	032178//agoutiL	033088//black	F19-76
050332	m	032178//agoutiL	033088//black	F19-76
050333	m	032178//agoutiL	033088//black	F19-76
050334	m	032178//agoutiL	033088//black	F19-76
050336	f	032178//agoutiL	033088//black	F19-77
050337	f	032178//agoutiL	033088//black	F19-77
050339	f	032178//agoutiL	033088//black	F19-77
050341	f	032178//agoutiL	033088//black	F19-77
050348	f	032317//agoutiL	032421//agouti	F19-77
050349	f	032317//agoutiL	032421//agouti	F19-77
050372	f	031915//agouti	031879//greyR	F19-78
050373	f	031915//agouti	031879//greyR	F19-78
050374	f	031915//agouti	031879//greyR	F19-78
050375	f	031915//agouti	031879//greyR	F19-78
050485	m	032033//blackL	032158//agoutiL	F19-79
050486	m	032033//blackL	032158//agoutiL	F19-79
050487	m	032033//blackL	032158//agoutiL	F19-79
048244	m	032015//black	032207//greyL	F19-8
048245	m	032015//black	032207//greyL	F19-8
048246	m	032015//black	032207//greyL	F19-8
048247	m	032015//black	032207//greyL	F19-8
048248	m	032015//black	032207//greyL	F19-8
050488	f	032033//blackL	032158//agoutiL	F19-80
050489	f	032033//blackL	032158//agoutiL	F19-80
050490	f	032033//blackL	032158//agoutiL	F19-80
050491	f	032033//blackL	032158//agoutiL	F19-80
050492	f	032033//blackL	032158//agoutiL	F19-80
050493	m	032382//black	032318//black	F19-81
050494	m	032382//black	032318//black	F19-81
050495	m	032382//black	032318//black	F19-81
050496	m	032382//black	032318//black	F19-81
050497	m	032382//black	032318//black	F19-81
050498	f	032382//black	032318//black	F19-82
050499	f	032382//black	032318//black	F19-82
050500	f	032382//black	032318//black	F19-82
050501	f	032382//black	032318//black	F19-82
050504	m	032324//agouti	032349//grey	F19-83
050505	m	032324//agouti	032349//grey	F19-83
050506	m	032324//agouti	032349//grey	F19-83
050507	m	032324//agouti	032349//grey	F19-83
050508	m	032324//agouti	032349//grey	F19-83
050509	f	032324//agouti	032349//grey	F19-84
050510	f	032324//agouti	032349//grey	F19-84
050511	f	032324//agouti	032349//grey	F19-84
068436	m	050209//wh-G19805	050371//brLLG19-856	F20-85
068437	m	050209//wh-G19805	050371//brLLG19-856	F20-85
068438	m	050209//wh-G19805	050371//brLLG19-856	F20-85
068439	m	050209//wh-G19805	050371//brLLG19-856	F20-86
068443	m	050209//wh-G19805	050369//gr-G19-856	F20-86
068444	m	050209//wh-G19805	050369//gr-G19-856	F20-86
068440	f	050209//wh-G19805	050371//brLLG19-856	F20-87
068441	f	050209//wh-G19805	050371//brLLG19-856	F20-87
068442	f	050209//wh-G19805	050371//brLLG19-856	F20-87
068445	f	050209//wh-G19805	050369//gr-G19-856	F20-87
068446	f	050209//wh-G19805	050369//gr-G19-856	F20-87
068447	f	050209//wh-G19805	050369//gr-G19-856	F20-87
068448	m	048304//blLG19-808	048851//blRG19-847	F20-88
068450	m	048304//blLG19-808	048850//ag-G19-847	F20-88
068451	m	048304//blLG19-808	048850//ag-G19-847	F20-88
068449	f	048304//blLG19-808	048851//blRG19-847	F20-89
068452	f	048304//blLG19-808	048850//ag-G19-847	F20-89
068453	f	048304//blLG19-808	048850//ag-G19-847	F20-89
068454	f	048304//blLG19-808	048850//ag-G19-847	F20-89
068455	f	048304//blLG19-808	048850//ag-G19-847	F20-89
068456	f	048304//blLG19-808	048850//ag-G19-847	F20-89
048264	m	032049//grey	035088//black-	F19-9
048265	m	032049//grey	035088//black-	F19-9
048266	m	032049//grey	035088//black-	F19-9
068459	m	048632//gr-G19-830	048353//bl-G19-814	F20-90
068461	m	048632//gr-G19-830	048353//bl-G19-814	F20-90
068460	m	048632//gr-G19-830	048353//bl-G19-814	F20-90
068462	f	048632//gr-G19-830	048353//bl-G19-814	F20-91
068463	f	048632//gr-G19-830	048353//bl-G19-814	F20-91
068464	f	048632//gr-G19-830	048353//bl-G19-814	F20-91
068465	f	048632//gr-G19-830	048353//bl-G19-814	F20-91
068467	m	050288//bl-G19-849	048892//agLRG19-797	F20-92
068474	m	048497//bl-G19-823	048502//blLG19-823	F20-92
068475	m	048497//bl-G19-823	048502//blLG19-823	F20-92
068468	f	050288//bl-G19-849	048892//agLRG19-797	F20-93
068469	f	050288//bl-G19-849	048892//agLRG19-797	F20-93
068470	f	050288//bl-G19-849	048892//agLRG19-797	F20-93
068471	f	050288//bl-G19-849	048892//agLRG19-797	F20-93
068476	f	048497//bl-G19-823	048502//blLG19-823	F20-94
068477	f	048497//bl-G19-823	048502//blLG19-823	F20-94
068478	f	048497//bl-G19-823	048502//blLG19-823	F20-94
068479	f	048497//bl-G19-823	048502//blLG19-823	F20-94
068480	f	048497//bl-G19-823	048502//blLG19-823	F20-95
068481	f	048497//bl-G19-823	048502//blLG19-823	F20-95
068482	f	048497//bl-G19-823	048502//blLG19-823	F20-95
068483	f	048497//bl-G19-823	048502//blLG19-823	F20-95
068485	m	048525//gr-G19-825	048488//be-G19-822	F20-96
068486	m	048525//gr-G19-825	048489//beLG19-822	F20-96
068487	m	048525//gr-G19-825	048489//beLG19-822	F20-96
068494	m	048558//agLG19-827	048454//bl-G19-820	F20-97
068495	m	048558//agLG19-827	048454//bl-G19-820	F20-97
068496	m	048558//agLG19-827	048454//bl-G19-820	F20-97
068497	m	048558//agLG19-827	048454//bl-G19-820	F20-98
068498	m	048558//agLG19-827	048454//bl-G19-820	F20-98
068500	m	048609//gr-G19-829	048388//bl-G19-818	F20-98
068499	f	048558//agLG19-827	048454//bl-G19-820	F20-99
068501	f	048609//gr-G19-829	048388//bl-G19-818	F20-99
068502	f	048609//gr-G19-829	048388//bl-G19-818	F20-99
068503	f	048609//gr-G19-829	048388//bl-G19-818	F20-99
031929	m	023075//agouti	022571//agoutiL	F18-11
031930	f	023075//agouti	022571//agoutiL	F18-12
031932	f	023075//agouti	022571//agoutiL	F18-12
031933	f	023075//agouti	022571//agoutiL	F18-12
031934	f	023075//agouti	022571//agoutiL	F18-12
031940	f	023057//agoutiL	022592//agoutiR	F18-12
031941	f	023057//agoutiL	022592//agoutiR	F18-12
031942	m	023057//agoutiL	022589//beigeR	F18-13
031943	m	023057//agoutiL	022589//beigeR	F18-13
031944	m	023057//agoutiL	022589//beigeR	F18-13
031952	m	023049//greyL	022603//agoutiR	F18-14
031953	m	023049//greyL	022603//agoutiR	F18-14
031954	m	023049//greyL	022603//agoutiR	F18-14
031955	m	023049//greyL	022603//agoutiR	F18-14
031962	m	023049//greyL	022605//beige	F18-14
031963	m	023049//greyL	022605//beige	F18-14
031956	f	023049//greyL	022603//agoutiR	F18-15
031957	f	023049//greyL	022603//agoutiR	F18-15
031958	f	023049//greyL	022603//agoutiR	F18-15
031959	f	023049//greyL	022603//agoutiR	F18-15
031960	f	023049//greyL	022603//agoutiR	F18-15
031961	f	023049//greyL	022603//agoutiR	F18-15
031969	m	023034//whiteL	022611//beige	F18-16
031970	m	023034//whiteL	022611//beige	F18-16
031971	m	023034//whiteL	022611//beige	F18-16
031972	m	023034//whiteL	022611//beige	F18-16
031973	f	023034//whiteL	022611//beige	F18-17
031974	f	023034//whiteL	022611//beige	F18-17
031975	f	023034//whiteL	022611//beige	F18-17
031976	f	023034//whiteL	022611//beige	F18-17
031977	f	023034//whiteL	022611//beige	F18-17
031978	f	023034//whiteL	022611//beige	F18-17
033849	m	023005//beigeL	022627//grey	F18-73
033850	m	023005//beigeL	022627//grey	F18-73
033851	m	023005//beigeL	022627//grey	F18-73
033046	m	022978//black	022637//blackR	F18-64
033047	m	022978//black	022637//blackR	F18-64
033048	m	022978//black	022637//blackR	F18-64
033049	m	022978//black	022637//blackR	F18-64
033050	m	022978//black	022637//blackR	F18-64
033051	m	022978//black	022637//blackR	F18-64
033052	f	022978//black	022637//blackR	F18-65
033053	f	022978//black	022637//blackR	F18-65
033054	f	022978//black	022637//blackR	F18-65
033055	f	022978//black	022637//blackR	F18-65
033056	f	022978//black	022637//blackR	F18-65
033057	f	022978//black	022637//blackR	F18-65
031988	m	022960//black	022641//blackL	F18-18
031989	m	022960//black	022641//blackL	F18-18
031990	m	022960//black	022641//blackL	F18-18
031991	m	022960//black	022641//blackL	F18-18
031995	f	022960//black	022641//blackL	F18-19
031996	f	022960//black	022641//blackL	F18-19
031997	f	022960//black	022641//blackL	F18-19
032008	m	022923//black	021997//-	F18-21
032009	m	022923//black	021997//-	F18-21
032010	m	022923//black	021997//-	F18-21
032014	m	022923//black	021998//L	F18-21
032017	f	022923//black	021998//L	F18-22
032018	f	022923//black	021998//L	F18-22
032019	f	022923//black	021998//L	F18-22
032020	f	022923//black	021998//L	F18-22
032021	f	022923//black	021998//L	F18-22
032022	f	022923//black	021998//L	F18-22
032037	m	022909//grey	022328//agouti	F18-23
032038	m	022909//grey	022328//agouti	F18-23
032039	m	022909//grey	022328//agouti	F18-23
032040	m	022909//grey	022328//agouti	F18-23
032041	m	022909//grey	022328//agouti	F18-23
032042	f	022909//grey	022328//agouti	F18-24
032043	f	022909//grey	022328//agouti	F18-24
032044	f	022909//grey	022328//agouti	F18-24
032045	f	022909//grey	022328//agouti	F18-24
032046	f	022909//grey	022328//agouti	F18-24
032047	f	022909//grey	022328//agouti	F18-24
032064	m	022879//whiteL	022393//blackL	F18-26
032065	m	022879//whiteL	022393//blackL	F18-26
032066	m	022879//whiteL	022393//blackL	F18-26
032067	m	022879//whiteL	022393//blackL	F18-26
032068	m	022879//whiteL	022393//blackL	F18-26
032069	m	022879//whiteL	022393//blackL	F18-26
032058	f	022879//whiteL	022391//grey	F18-25
032059	f	022879//whiteL	022391//grey	F18-25
032060	f	022879//whiteL	022391//grey	F18-25
032061	f	022879//whiteL	022391//grey	F18-25
032062	f	022879//whiteL	022391//grey	F18-25
032063	f	022879//whiteL	022391//grey	F18-25
032006	f	022863//white	022334//agouti	F18-19
032007	f	022863//white	022334//agouti	F18-19
031998	m	022863//white	022336//blackL	F18-20
031999	m	022863//white	022336//blackL	F18-20
032000	m	022863//white	022336//blackL	F18-20
032001	m	022863//white	022336//blackL	F18-20
032085	m	022840//agouti	022359//grey	F18-28
032086	m	022840//agouti	022359//grey	F18-28
032087	m	022840//agouti	022359//grey	F18-28
032088	m	022840//agouti	022359//grey	F18-28
032089	m	022840//agouti	022359//grey	F18-28
032090	m	022840//agouti	022359//grey	F18-28
032097	f	022840//agouti	022359//grey	F18-29
032098	f	022840//agouti	022359//grey	F18-29
033438	f	022840//agouti	022359//grey	F18-29
033439	f	022840//agouti	022359//grey	F18-29
032123	m	022815//black	022366//grey	F18-31
032124	m	022815//black	022366//grey	F18-31
032125	m	022815//black	022366//grey	F18-31
032126	m	022815//black	022366//grey	F18-31
032127	m	022815//black	022366//grey	F18-31
032128	m	022815//black	022366//grey	F18-31
032135	f	022815//black	022366//grey	F18-32
032136	f	022815//black	022366//grey	F18-32
032137	f	022815//black	022366//grey	F18-32
032138	f	022815//black	022366//grey	F18-32
032139	f	022815//black	022366//grey	F18-32
032140	f	022815//black	022366//grey	F18-32
033058	m	022799//black	023959//agouti	F18-66
033059	m	022799//black	023959//agouti	F18-66
033060	m	022799//black	023959//agouti	F18-66
033061	f	022799//black	023959//agouti	F18-67
033062	f	022799//black	023959//agouti	F18-67
033063	f	022799//black	023959//agouti	F18-67
033064	f	022799//black	023959//agouti	F18-67
032149	f	022787//agouti	022392//black	F18-34
032150	f	022787//agouti	022392//black	F18-34
032151	f	022787//agouti	022392//black	F18-34
032152	f	022787//agouti	022392//black	F18-34
032153	f	022787//agouti	022392//black	F18-34
032154	f	022787//agouti	022392//black	F18-34
032141	m	022787//agouti	022392//black	F18-33
032142	m	022787//agouti	022392//black	F18-33
032143	m	022787//agouti	022392//black	F18-33
032144	m	022787//agouti	022392//black	F18-33
032145	m	022787//agouti	022392//black	F18-33
032074	m	022767//black	022423//agouti	F18-27
032082	m	022767//black	022424//agoutiL	F18-27
032083	m	022767//black	022424//agoutiL	F18-27
032084	m	022767//black	022424//agoutiL	F18-27
032077	m	022767//black	022423//agouti	F18-28
032078	f	022767//black	022423//agouti	F18-28
032079	f	022767//black	022423//agouti	F18-28
032080	m	022767//black	022423//agouti	F18-28
032081	f	022767//black	022423//agouti	F18-28
032164	m	023960//black	022440//beige	F18-35
032165	m	023960//black	022440//beige	F18-35
032166	m	023960//black	022440//beige	F18-35
032167	m	023960//black	022440//beige	F18-35
032168	m	023960//black	022440//beige	F18-35
032169	m	023960//black	022440//beige	F18-35
032170	f	023960//black	022440//beige	F18-36
032171	f	023960//black	022440//beige	F18-36
032172	f	023960//black	022442//greyL	F18-36
032173	f	023960//black	022442//greyL	F18-36
032202	f	022711//black	022475//greyL	F18-38
032203	f	022711//black	022475//greyL	F18-38
032204	f	022711//black	022475//greyL	F18-38
032205	f	022711//black	022475//greyL	F18-38
032216	f	022690//agouti	022503//brown	F18-38
032217	f	022690//agouti	022503//brown	F18-38
032211	m	022690//agouti	022503//brown	F18-39
032212	m	022690//agouti	022503//brown	F18-39
032213	m	022690//agouti	022503//brown	F18-39
032214	m	022690//agouti	022503//brown	F18-39
032215	m	022690//agouti	022503//brown	F18-39
032107	f	023976//black	022544//black	F18-29
032099	m	023976//black	022544//black	F18-30
032100	m	023976//black	022544//black	F18-30
032101	m	023976//black	022544//black	F18-30
032102	m	023976//black	022544//black	F18-30
032103	m	023976//black	022544//black	F18-30
032228	m	022669//black	027235//black	F18-41
032229	m	022669//black	027235//black	F18-41
032230	m	022669//black	027235//black	F18-41
032231	m	022669//black	027235//black	F18-41
032232	m	022669//black	027235//black	F18-41
032233	f	022669//black	027239//blackLL	F18-42
032234	f	022669//black	027239//blackLL	F18-42
032235	f	022669//black	027239//blackLL	F18-42
032236	f	022669//black	027239//blackLL	F18-42
032237	f	022669//black	027239//blackLL	F18-42
032238	f	022669//black	027239//blackLL	F18-42
032246	m	022581//beigeL	023081//brown	F18-43
032247	m	022581//beigeL	023081//brown	F18-43
032248	m	022581//beigeL	023081//brown	F18-43
032252	f	022581//beigeL	023080//black	F18-44
032253	f	022581//beigeL	023080//black	F18-44
032254	f	022581//beigeL	023080//black	F18-44
032255	f	022581//beigeL	023080//black	F18-44
032256	f	022581//beigeL	023080//black	F18-44
032257	f	022581//beigeL	023080//black	F18-44
033066	f	022597//agouti	023067//white	F18-68
033067	f	022597//agouti	023066//black	F18-68
033068	f	022597//agouti	023066//black	F18-68
033069	f	022597//agouti	023066//black	F18-68
033070	f	022597//agouti	023066//black	F18-68
033071	f	022597//agouti	023066//black	F18-68
032218	m	022608//grey	023045//blackL	F18-40
032219	m	022608//grey	023045//blackL	F18-40
032220	m	022608//grey	023045//blackL	F18-40
032258	m	022613//black	023035//black	F18-45
032259	m	022613//black	023035//black	F18-45
032260	m	022613//black	023035//black	F18-45
032261	m	022613//black	023035//black	F18-45
032262	m	022613//black	023035//black	F18-45
032272	m	022632//agoutiR	023010//black	F18-46
032273	m	022632//agoutiR	023010//black	F18-46
032274	m	022632//agoutiR	023010//black	F18-46
032275	m	022632//agoutiR	023010//black	F18-46
032276	m	022632//agoutiR	023010//black	F18-46
032277	f	022632//agoutiR	023010//black	F18-47
032278	f	022632//agoutiR	023010//black	F18-47
032279	f	022632//agoutiR	023013//whiteL	F18-47
032280	f	022632//agoutiR	023013//whiteL	F18-47
032281	f	022632//agoutiR	023013//whiteL	F18-47
032282	m	022001//-	022948//agoutiR	F18-48
032283	m	022001//-	022948//agoutiR	F18-48
032284	m	022001//-	022948//agoutiR	F18-48
032285	m	022001//-	022948//agoutiR	F18-48
032286	m	022001//-	022948//agoutiR	F18-48
032287	m	022001//-	022948//agoutiR	F18-48
032290	f	022001//-	022948//agoutiR	F18-49
032291	f	022001//-	022948//agoutiR	F18-49
032292	f	022001//-	022948//agoutiR	F18-49
032293	f	022001//-	022948//agoutiR	F18-49
032294	f	022001//-	022948//agoutiR	F18-49
032295	f	022001//-	022948//agoutiR	F18-49
032185	f	022319//agoutiL	022934//agoutiL	F18-36
032186	f	022319//agoutiL	022934//agoutiL	F18-36
032180	m	022319//agoutiL	022934//agoutiL	F18-37
032181	m	022319//agoutiL	022934//agoutiL	F18-37
032182	m	022319//agoutiL	022934//agoutiL	F18-37
032183	m	022319//agoutiL	022934//agoutiL	F18-37
032184	m	022319//agoutiL	022934//agoutiL	F18-37
032304	m	022330//agouti	022889//blackR	F18-50
032305	m	022330//agouti	022889//blackR	F18-50
032306	m	022330//agouti	022889//blackR	F18-50
032307	m	022330//agouti	022889//blackR	F18-50
032308	m	022330//agouti	022889//blackR	F18-50
032309	m	022330//agouti	022889//blackR	F18-50
032310	f	022330//agouti	022889//blackR	F18-51
032311	f	022330//agouti	022890//agouti	F18-51
032312	f	022330//agouti	022890//agouti	F18-51
032313	f	022330//agouti	022890//agouti	F18-51
032314	f	022330//agouti	022890//agouti	F18-51
032315	f	022330//agouti	022890//agouti	F18-51
032335	m	023954//beigeL	022827//black	F18-52
032336	m	023954//beigeL	022827//black	F18-52
032337	m	023954//beigeL	022827//black	F18-52
032338	m	023954//beigeL	022827//black	F18-52
032339	m	023954//beigeL	022827//black	F18-52
032340	m	023954//beigeL	022827//black	F18-52
032341	f	023954//beigeL	022827//black	F18-53
032342	f	023954//beigeL	022827//black	F18-53
032343	f	023954//beigeL	022827//black	F18-53
032344	f	023954//beigeL	022827//black	F18-53
032345	f	023954//beigeL	022827//black	F18-53
032355	m	022421//agouti	022793//grey	F18-54
032356	m	022421//agouti	022793//grey	F18-54
032357	m	022421//agouti	022793//grey	F18-54
032358	m	022421//agouti	022793//grey	F18-54
032359	m	022421//agouti	022793//grey	F18-54
032360	m	022421//agouti	022793//grey	F18-54
032361	f	022421//agouti	022793//grey	F18-55
032362	f	022421//agouti	022793//grey	F18-55
032363	f	022421//agouti	022793//grey	F18-55
032364	f	022421//agouti	022793//grey	F18-55
032365	f	022421//agouti	022793//grey	F18-55
032366	f	022421//agouti	022793//grey	F18-55
033114	f	022462//blackL	023963//black	F18-69
033115	f	022462//blackL	023963//black	F18-69
033116	f	022462//blackL	023963//black	F18-69
033117	f	022462//blackL	023963//black	F18-69
033118	f	022462//blackL	023963//black	F18-69
033119	f	022462//blackL	023963//black	F18-69
033120	m	022462//blackL	023964//blackL	F18-71
033121	m	022462//blackL	023964//blackL	F18-71
033122	m	022462//blackL	023964//blackL	F18-71
033123	m	022462//blackL	023964//blackL	F18-71
032376	m	022483//blackL	022717//blackR	F18-56
032377	m	022483//blackL	022717//blackR	F18-56
032378	m	022483//blackL	022717//blackR	F18-56
032379	f	022483//blackL	022717//blackR	F18-57
032380	f	022483//blackL	022717//blackR	F18-57
032381	f	022483//blackL	022717//blackR	F18-57
032394	m	022518//whiteLR	022699//whiteL	F18-58
032395	m	022518//whiteLR	022699//whiteL	F18-58
032396	m	022518//whiteLR	022699//whiteL	F18-58
032397	m	022518//whiteLR	022699//whiteL	F18-58
032398	m	022518//whiteLR	022699//whiteL	F18-58
032399	f	022518//whiteLR	022700//agouti	F18-59
032400	f	022518//whiteLR	022700//agouti	F18-59
032401	f	022518//whiteLR	022700//agouti	F18-59
032402	f	022518//whiteLR	022700//agouti	F18-59
032403	f	022518//whiteLR	022700//agouti	F18-59
032385	f	022550//black	022687//agouti	F18-57
032386	f	022550//black	022687//agouti	F18-57
032387	f	022550//black	022687//agouti	F18-57
033100	f	027232//blackR	022000//R	F18-67
033101	f	027232//blackR	022000//R	F18-67
033094	m	027232//blackR	022000//R	F18-70
033095	m	027232//blackR	022000//R	F18-70
033096	m	027232//blackR	022000//R	F18-70
033097	m	027232//blackR	022000//R	F18-70
033098	m	027232//blackR	022000//R	F18-70
033099	m	027232//blackR	022000//R	F18-70
032404	m	022552//beige	022673//black	F18-60
032405	m	022552//beige	022673//black	F18-60
032406	m	022552//beige	022673//black	F18-60
032407	m	022552//beige	022673//black	F18-60
032408	f	022552//beige	022673//black	F18-61
032409	f	022552//beige	022673//black	F18-61
032410	f	022552//beige	022673//black	F18-61
032411	f	022552//beige	022673//black	F18-61
032412	f	022552//beige	022673//black	F18-61
032413	f	022552//beige	022672//agouti	F18-61
031858	m	023961//blackL	023989//beigeLR	F18-2
031859	m	023961//blackL	023989//beigeLR	F18-2
031860	m	023961//blackL	023989//beigeLR	F18-2
031861	m	023961//blackL	023989//beigeLR	F18-2
031862	f	023961//blackL	023989//beigeLR	F18-3
031863	f	023961//blackL	023989//beigeLR	F18-3
031864	f	023961//blackL	023989//beigeLR	F18-3
031865	f	023961//blackL	023989//beigeLR	F18-3
031866	f	023961//blackL	023989//beigeLR	F18-3
031867	f	023961//blackL	023989//beigeLR	F18-3
033026	m	022961//brown	022559//black	F18-62
033027	m	022961//brown	022559//black	F18-62
033028	m	022961//brown	022559//black	F18-62
033029	m	022961//brown	022559//black	F18-62
033030	m	022961//brown	022559//black	F18-62
033031	m	022961//brown	022559//black	F18-62
033032	f	022961//brown	022559//black	F18-63
033033	f	022961//brown	022559//black	F18-63
033034	f	022961//brown	022559//black	F18-63
033035	f	022961//brown	022559//black	F18-63
033036	f	022961//brown	022559//black	F18-63
033037	f	022961//brown	022559//black	F18-63
035425	m	022926//grey	022850//agoutiL	F18-4
035426	m	022926//grey	022850//agoutiL	F18-4
035427	m	022926//grey	022850//agoutiL	F18-4
035428	m	022926//grey	022850//agoutiL	F18-4
035429	m	022926//grey	022850//agoutiL	F18-4
031884	m	022514//black	023009//agouti	F18-5
031885	m	022514//black	023009//agouti	F18-5
031886	m	022514//black	023009//agouti	F18-5
031887	m	022514//black	023009//agouti	F18-5
031888	m	022514//black	023009//agouti	F18-5
031889	m	022514//black	023009//agouti	F18-5
031893	f	022514//black	023009//agouti	F18-6
031894	f	022514//black	023009//agouti	F18-6
031895	f	022514//black	023009//agouti	F18-6
031896	f	022514//black	023009//agouti	F18-6
031897	f	022514//black	023009//agouti	F18-6
033832	m	027231//blackL	022792//beige	F18-72
033833	m	027231//blackL	022792//beige	F18-72
033834	m	027231//blackL	022792//beige	F18-72
033835	m	027231//blackL	022792//beige	F18-72
033836	m	027231//blackL	022792//beige	F18-72
031901	m	023952//blackL	022591//agoutiL	F18-7
031902	m	023952//blackL	022591//agoutiL	F18-7
031906	m	023952//blackL	022588//beigeL	F18-7
031907	m	023952//blackL	022588//beigeL	F18-7
031908	m	023952//blackL	022588//beigeL	F18-7
031909	m	023952//blackL	022588//beigeL	F18-7
031903	f	023952//blackL	022591//agoutiL	F18-8
031904	f	023952//blackL	022591//agoutiL	F18-8
031905	f	023952//blackL	022591//agoutiL	F18-8
031910	f	023952//blackL	022588//beigeL	F18-8
031911	f	023952//blackL	022588//beigeL	F18-8
031912	f	023952//blackL	022588//beigeL	F18-8
031924	f	022639//agoutiL	022469//blackLR	F18-10
031925	f	022639//agoutiL	022469//blackLR	F18-10
031926	f	022639//agoutiL	022469//blackLR	F18-10
031927	f	022639//agoutiL	022469//blackLR	F18-10
031928	f	022639//agoutiL	022469//blackLR	F18-10
031919	m	022639//agoutiL	022469//blackLR	F18-9
031920	m	022639//agoutiL	022469//blackLR	F18-9
031921	m	022639//agoutiL	022469//blackLR	F18-9
031922	m	022639//agoutiL	022469//blackLR	F18-9
031923	m	022639//agoutiL	022469//blackLR	F18-9
